time,open,high,low,close,EMA 20,EMA 50,Swing High,Swing Low,Bullish BOS,Bearish BOS
1754556600,0.06001,0.06006,0.06001,0.06006,0.06019438561233233,0.060520556515971935,0,0,0,0
1754556900,0.06006,0.06006,0.06001,0.06005,0.06018063460163401,0.060502103319267156,0,0,0,0
1754557200,0.06005,0.06005,0.05993,0.05995,0.06015866940147839,0.06048045220870766,0,0,0,0
1754557500,0.05995,0.06007,0.0599,0.05996,0.060139748506099495,0.06046004231817011,0,1,0,0
1754557800,0.05996,0.06007,0.05992,0.05998,0.06012453436266145,0.060441217129222256,0,0,0,0
1754558100,0.05998,0.06,0.05994,0.05998,0.060110769185265124,0.06042313018297825,0,0,0,0
1754558400,0.05998,0.06007,0.05998,0.06006,0.060105934024763684,0.06040888978364577,0,0,0,0
1754558700,0.06006,0.06183,0.06006,0.06145,0.06023394030811952,0.0604497176352675,0,0,0,0
1754559000,0.06145,0.0619,0.06076,0.0609,0.060297374564489095,0.06046737576721779,0,0,0,0
1754559300,0.0609,0.06092,0.06026,0.06032,0.060299529367871085,0.060461596325366115,0,0,0,0
1754559600,0.06032,0.06038,0.06023,0.06025,0.060294812285216694,0.06045329843025372,0,0,0,0
1754559900,0.06025,0.06111,0.06001,0.06095,0.060357211115196055,0.060472776923184944,0,0,0,0
1754560200,0.06095,0.0628,0.06063,0.06243,0.06055461958041548,0.06054953076933455,0,0,0,0
1754560500,0.06243,0.06245,0.06193,0.06206,0.06069798914418543,0.06060876485681163,0,0,0,0
1754560800,0.06206,0.06257,0.06197,0.06227,0.06084770446378682,0.0606739113330151,0,0,0,0
1754561100,0.06227,0.06483,0.06217,0.06471,0.06121554213390236,0.06083218931995568,0,0,0,0
1754561400,0.06471,0.06564,0.06448,0.06548,0.06162168097829261,0.061014456405447615,0,0,0,0
1754561700,0.06548,0.06654,0.06488,0.06634,0.062071044694645694,0.061223301252292806,0,0,0,0
1754562000,0.06634,0.0677,0.06564,0.06642,0.06248523091420325,0.06142709336004603,0,0,0,0
1754562300,0.06642,0.06772,0.06577,0.06715,0.06292949463666009,0.061651521071416776,0,0,0,0
1754562600,0.06715,0.06956,0.06686,0.06936,0.06354192371888294,0.06195381436273376,0,0,0,0
1754562900,0.06936,0.07353,0.06925,0.07246,0.06439126431708457,0.06236582164262656,0,0,0,0
1754563200,0.07246,0.07523,0.07059,0.0723,0.06514447723926699,0.06275539726448434,1,0,0,0
1754563500,0.0723,0.0724,0.06992,0.07039,0.06564405083552727,0.06305479345019084,0,0,0,0
1754563800,0.07039,0.07219,0.06816,0.06975,0.0660350936130961,0.0633173505697912,0,0,0,0
1754564100,0.06975,0.0704,0.06927,0.06994,0.06640698945946791,0.06357706231215232,0,0,0,0
1754564400,0.06994,0.07141,0.06966,0.0711,0.06685394284428049,0.06387207947638164,0,0,0,0
1754564700,0.0711,0.07181,0.07064,0.07142,0.06728880543053949,0.06416807635966079,0,0,0,0
1754565000,0.07142,0.07151,0.071,0.07124,0.06766510967525001,0.06444540669849762,0,0,0,0
1754565300,0.07124,0.07158,0.07093,0.07156,0.06803605161094048,0.06472441035738007,0,0,0,0
1754565600,0.07156,0.07248,0.07143,0.07228,0.0684402371718033,0.06502070799042399,0,0,0,0
1754565900,0.07228,0.07366,0.0709,0.07155,0.06873640506020298,0.06527675865746618,0,0,0,0
1754566200,0.07155,0.07521,0.07146,0.07494,0.06932722362589794,0.06565570929834987,0,0,0,0
1754566500,0.07494,0.07684,0.07476,0.07523,0.06988939280438385,0.06603117167880673,0,0,0,0
1754566800,0.07523,0.07574,0.07351,0.07502,0.0703780220611092,0.06638367475022608,0,0,0,0
1754567100,0.07502,0.07744,0.07448,0.07564,0.07087916281719404,0.06674666789727604,1,0,0,0
1754567400,0.07564,0.07592,0.07205,0.07282,0.07106400445365176,0.06698483778365737,0,0,0,0
1754567700,0.07282,0.07282,0.07067,0.07218,0.07117028974378016,0.06718856963527865,0,0,0,0
1754568000,0.07218,0.07388,0.0716,0.07362,0.07140359548246776,0.06744078259075792,0,0,0,0
1754568300,0.07362,0.07644,0.07325,0.07585,0.07182706257937559,0.0677705558224929,0,0,0,0
1754568600,0.07585,0.07593,0.07131,0.07203,0.07184638995276839,0.06793759284906181,0,0,0,0
1754568900,0.07203,0.07321,0.06928,0.07035,0.07170387662393331,0.06803219705105938,0,0,0,0
1754569200,0.07035,0.07048,0.06823,0.06938,0.07148255504070157,0.0680850520686649,0,0,0,0
1754569500,0.06938,0.07,0.06895,0.06918,0.07126326408444428,0.06812799120322706,0,0,0,0
1754569800,0.06918,0.0698,0.06882,0.06958,0.07110295321925911,0.06818493272466913,0,0,0,0
1754570100,0.06958,0.07037,0.06921,0.0699,0.07098838624599633,0.0682521902648782,0,0,0,0
1754570400,0.0699,0.071,0.06978,0.07012,0.07090568279399669,0.06832543770547121,0,0,0,0
1754570700,0.07012,0.07037,0.06822,0.06886,0.0707108558612351,0.06834640093270763,0,0,0,0
1754571000,0.06886,0.07058,0.06883,0.06986,0.0706298219696889,0.06840575775887596,0,0,0,0
1754571300,0.06986,0.07013,0.06948,0.06955,0.07052698178209947,0.06845063000362592,0,0,0,0
1754571600,0.06955,0.0701,0.06919,0.06968,0.07044631685047095,0.06849884059171901,0,0,0,0
1754571900,0.06968,0.06977,0.0685,0.06906,0.07031428667423563,0.06852084684302415,0,0,0,0
1754572200,0.06906,0.06921,0.0676,0.06853,0.0701443546100227,0.06852120579035653,0,1,0,0
1754572500,0.06853,0.06868,0.06827,0.06859,0.06999632083763958,0.06852390360249941,0,0,0,0
1754572800,0.06859,0.06913,0.06767,0.06793,0.069799528376912,0.06850061326514649,0,0,0,0
1754573100,0.06793,0.06835,0.06793,0.06828,0.06965481138863466,0.06849196176455251,0,0,0,0
1754573400,0.06828,0.06889,0.06793,0.06855,0.06954959125638374,0.06849423777378574,0,0,0,0
1754573700,0.06855,0.06988,0.06831,0.06952,0.06954677304149005,0.0685344637434412,1,0,0,0
1754574000,0.06952,0.06976,0.06925,0.06933,0.06952612798991957,0.06856566124369841,0,0,0,0
1754574300,0.06933,0.06939,0.06904,0.06925,0.06949983008611771,0.06859249805767102,0,0,0,0
1754574600,0.06925,0.06936,0.06883,0.06897,0.06944937007791602,0.06860730205540941,0,0,0,0
1754574900,0.06897,0.06925,0.0687,0.06879,0.06938657292763831,0.06861446668068748,0,0,0,0
1754575200,0.06879,0.06906,0.06823,0.06849,0.069301185029768,0.068609585634386,0,0,0,0
1754575500,0.06849,0.06871,0.0681,0.06847,0.06922202455074247,0.06860411168793949,0,1,0,0
1754575800,0.06847,0.06904,0.0683,0.06901,0.06920183173638604,0.06862002887664775,0,0,0,0
1754576100,0.06901,0.07014,0.0689,0.06988,0.06926641919006356,0.06866943950893607,0,0,0,0
1754576400,0.06988,0.06996,0.06919,0.06931,0.06927056974339084,0.06869455952819348,0,0,0,0
1754576700,0.06931,0.06963,0.06918,0.06943,0.06928575357735361,0.06872340033100942,0,0,0,0
1754577000,0.06943,0.06971,0.06923,0.06963,0.06931853895093898,0.06875895325920513,0,0,0,0
1754577300,0.06963,0.0698,0.06895,0.06895,0.0692834400032305,0.0687664452882559,0,0,0,0
1754577600,0.06895,0.06976,0.06895,0.06937,0.06929168381244664,0.06879011410048116,0,0,0,0
1754577900,0.06937,0.07058,0.06932,0.07041,0.06939819011602315,0.0688536390377172,0,0,0,0
1754578200,0.07041,0.07123,0.06952,0.07,0.06945550534306856,0.06889859436957142,1,0,0,0
1754578500,0.07,0.07045,0.06992,0.07013,0.06951974292944298,0.06894688478645097,0,0,0,0
1754578800,0.07013,0.07062,0.06756,0.06863,0.06943500550759127,0.06893445793208035,0,1,0,0
1754579100,0.06863,0.06963,0.06863,0.06897,0.06939071926877305,0.06893585173866543,0,0,0,0
1754579400,0.06897,0.06902,0.06845,0.06873,0.069327793624128,0.06892777912146286,0,0,0,0
1754579700,0.06873,0.0695,0.06839,0.0695,0.0693441942313539,0.0689502191559153,0,0,0,0
1754580000,0.0695,0.07097,0.06941,0.07084,0.06948665192360591,0.0690243282086245,0,0,0,0
1754580300,0.07084,0.07111,0.06957,0.07025,0.06955935174040535,0.0690723937690706,0,0,0,0
1754580600,0.07025,0.07125,0.07015,0.07114,0.06970988966989056,0.06915347636636195,0,0,0,0
1754580900,0.07114,0.0719,0.07093,0.0719,0.06991847160609145,0.06926118317552422,0,0,0,0
1754581200,0.0719,0.07208,0.07119,0.07148,0.0700671885959875,0.06934819560001347,0,0,0,0
1754581500,0.07148,0.07193,0.07132,0.07177,0.07022936111065535,0.06944316832158157,0,0,0,0
1754581800,0.07177,0.07371,0.07158,0.0728,0.0704741838620215,0.06957480877955877,1,0,0,0
1754582100,0.0728,0.07356,0.07095,0.07182,0.07060235682754326,0.06966285549408588,0,0,0,0
1754582400,0.07182,0.0731,0.07167,0.07181,0.07071737046301534,0.06974705723941585,0,0,0,0
1754582700,0.07181,0.07199,0.07071,0.0717,0.07081095422844244,0.06982364323002699,0,1,0,0
1754583000,0.0717,0.07198,0.0712,0.07142,0.07086895858763839,0.06988624545630044,0,0,0,0
1754583300,0.07142,0.07209,0.07081,0.07141,0.07092048634119665,0.06994600053644552,0,0,0,0
1754583600,0.07141,0.07186,0.07075,0.0713,0.07095663049917791,0.06999909855462413,0,0,0,0
1754583900,0.0713,0.07668,0.0713,0.07385,0.07123218949925621,0.07015011429758004,1,0,0,0
1754584200,0.07385,0.07509,0.07365,0.07443,0.07153674288027942,0.07031795295257691,0,0,0,0
1754584500,0.07443,0.0753,0.07388,0.07498,0.07186467212977662,0.07050077832698566,0,0,1,0
1754584800,0.07498,0.07523,0.07372,0.07405,0.07207279859360742,0.07063996349063328,0,0,1,0
1754585100,0.07405,0.07498,0.07367,0.07459,0.07231253206088291,0.07079486688315748,0,0,1,0
1754585400,0.07459,0.07521,0.07363,0.07439,0.07251038615032263,0.07093585249558267,0,0,1,0
1754585700,0.07439,0.07474,0.07387,0.07417,0.07266844461219667,0.07106268180948139,0,0,0,0
1754586000,0.07417,0.07674,0.07399,0.07634,0.07301811655389222,0.07126963546401154,0,0,0,0
1754586300,0.07634,0.07634,0.07323,0.07528,0.0732335340249501,0.07142690466150128,0,1,0,0
1754586600,0.07528,0.0759,0.0742,0.07535,0.0734351022130501,0.07158075153752085,0,0,0,0
1754586900,0.07535,0.07695,0.07463,0.07663,0.07373937819275961,0.07177876128114748,0,0,0,0
1754587200,0.07663,0.07783,0.07448,0.07538,0.07389562788868727,0.07191998632894561,1,0,0,0
1754587500,0.07538,0.07666,0.07529,0.07563,0.07406080618500277,0.07206547706114383,0,0,0,0
1754587800,0.07563,0.07577,0.07489,0.07539,0.07418739607214536,0.07219585050972642,0,0,0,0
1754588100,0.07539,0.07601,0.0749,0.07601,0.07436097739860771,0.07234542499954107,0,0,0,0
1754588400,0.07601,0.07751,0.07595,0.07687,0.07459993193207365,0.07252285931328456,0,0,1,0
1754588700,0.07687,0.07759,0.07617,0.0765,0.07478089079568569,0.07267882561472438,0,0,0,0
1754589000,0.0765,0.07667,0.07538,0.07634,0.07492937738657277,0.07282240108081363,0,0,0,0
1754589300,0.07634,0.07655,0.07586,0.07648,0.07507705573070869,0.07296583633254643,0,0,0,0
1754589600,0.07648,0.07732,0.07605,0.07665,0.07522685994683168,0.07311031333911323,0,0,0,0
1754589900,0.07665,0.07727,0.0753,0.07576,0.07527763518999056,0.07321422261993232,0,0,0,0
1754590200,0.07576,0.07608,0.07465,0.07556,0.07530452707665812,0.0733062138897389,0,1,0,0
1754590500,0.07556,0.07637,0.07525,0.07555,0.07532790545030973,0.073394205501906,0,0,0,0
1754590800,0.07555,0.07582,0.07493,0.07555,0.075349057312185,0.07347874646261558,0,0,0,0
1754591100,0.07555,0.07575,0.0753,0.07572,0.07538438518721499,0.07356663875819928,0,0,0,0
1754591400,0.07572,0.0765,0.07529,0.07644,0.07548491993128975,0.07367931959121107,0,0,0,0
1754591700,0.07644,0.07755,0.07617,0.07676,0.07560635612830978,0.07380013058763417,1,0,0,0
1754592000,0.07676,0.077,0.07652,0.07675,0.07571527459228028,0.07391581174106028,0,0,0,0
1754592300,0.07675,0.0772,0.0763,0.07638,0.07577858177396787,0.07401244657474419,0,0,0,0
1754592600,0.07638,0.07651,0.07534,0.07606,0.07580538350978046,0.07409274278749932,0,0,0,0
1754592900,0.07606,0.07614,0.0758,0.07602,0.07582582317551566,0.07416832150171503,0,0,0,0
1754593200,0.07602,0.07607,0.0749,0.07509,0.0757557447778475,0.07420446575654974,0,0,0,0
1754593500,0.07509,0.07569,0.07504,0.07569,0.07574948337043344,0.07426272200139092,0,0,0,0
1754593800,0.07569,0.07569,0.07407,0.07456,0.07563619923991596,0.07427437996212069,0,1,0,0
1754594100,0.07456,0.07515,0.07454,0.07501,0.07557656121706682,0.07430322780674341,0,0,0,0
1754594400,0.07501,0.07514,0.07454,0.07505,0.07552641252972712,0.07433251299079269,0,0,0,0
1754594700,0.07505,0.07521,0.07478,0.07504,0.07548008752689597,0.07436025757938905,0,0,0,0
1754595000,0.07504,0.07632,0.075,0.07613,0.07554198395290589,0.07442965924294243,0,0,0,0
1754595300,0.07613,0.07808,0.07613,0.07722,0.07570179500501009,0.07453908437067017,0,0,0,0
1754595600,0.07722,0.07752,0.07687,0.07752,0.07587495738548532,0.07465598302280074,0,0,0,0
1754595900,0.07752,0.07791,0.07705,0.07739,0.07601924715829624,0.07476319937484777,0,0,0,0
1754596200,0.07739,0.08004,0.07711,0.07878,0.07628217600036326,0.07492072096799099,1,0,0,0
1754596500,0.07878,0.07891,0.07748,0.07772,0.07641911161937628,0.07503049661630506,0,0,0,0
1754596800,0.07772,0.07814,0.07583,0.07628,0.0764058628937214,0.07507949674899898,0,0,0,0
1754597100,0.07628,0.0766,0.07554,0.07642,0.07640720928479555,0.07513206550394019,0,0,0,0
1754597400,0.07642,0.07742,0.07638,0.07693,0.07645699887671978,0.07520257273907979,0,0,0,0
1754597700,0.07693,0.07737,0.07677,0.07701,0.07650966565036552,0.07527345223950803,0,0,0,0
1754598000,0.07701,0.0772,0.07669,0.07682,0.07653922130271165,0.07533410117129202,0,0,0,0
1754598300,0.07682,0.07684,0.07477,0.07555,0.07644500975007244,0.07534256779202567,0,0,0,0
1754598600,0.07555,0.07613,0.07539,0.07595,0.07639786596435126,0.07536638866292662,0,0,0,0
1754598900,0.07595,0.07647,0.07578,0.07591,0.07635140253917495,0.07538770675457655,0,0,0,0
1754599200,0.07591,0.07591,0.07524,0.07558,0.0762779356306821,0.07539524766616179,0,0,0,0
1754599500,0.07558,0.07576,0.07457,0.07462,0.07612003699918857,0.07536484579690055,0,0,0,0
1754599800,0.07462,0.07534,0.0744,0.07493,0.07600670014212299,0.0753477930205515,0,0,0,0
1754600100,0.07493,0.075,0.07436,0.07444,0.07585749060477795,0.07531219329425537,0,0,0,0
1754600400,0.07444,0.07477,0.07402,0.07464,0.07574153911860862,0.07528583277291202,0,0,0,0
1754600700,0.07464,0.07512,0.07412,0.0745,0.07562329729778874,0.07525501580142528,0,0,0,0
1754601000,0.0745,0.07495,0.07402,0.07424,0.07549155469799934,0.07521521126019291,0,1,0,0
1754601300,0.07424,0.07459,0.07406,0.07414,0.07536283520295178,0.07517304611273437,0,0,0,0
1754601600,0.07414,0.07455,0.07414,0.07442,0.07527304137409924,0.07514351489262715,0,0,0,0
1754601900,0.07442,0.07639,0.07429,0.07575,0.0753184660051374,0.07516729862232804,1,0,0,0
1754602200,0.07575,0.07582,0.07518,0.07534,0.07532051686179099,0.075174071225374,0,0,0,0
1754602500,0.07534,0.07563,0.07515,0.07562,0.07534903906542995,0.07519155862830051,0,0,0,0
1754602800,0.07562,0.07562,0.07502,0.0751,0.07532532105919852,0.07518796809385736,0,0,0,0
1754603100,0.0751,0.07521,0.075,0.07512,0.07530576667260819,0.07518530267841197,0,0,0,0
1754603400,0.07512,0.07532,0.07505,0.07525,0.07530045556093122,0.07518783982827817,0,0,0,0
1754603700,0.07525,0.07542,0.07515,0.07523,0.0752937455075092,0.0751894931683457,0,0,0,0
1754604000,0.07523,0.07703,0.07522,0.07639,0.07539815069727022,0.07523657186762625,1,0,0,0
1754604300,0.07639,0.07673,0.07567,0.07595,0.07545070777372068,0.07526454944144483,0,0,0,0
1754604600,0.07595,0.07596,0.0746,0.07481,0.07538968798574727,0.07524672397315287,0,1,0,0
1754604900,0.07481,0.07567,0.0747,0.07555,0.07540495579662848,0.07525861715067628,0,0,0,0
1754605200,0.07555,0.07572,0.07537,0.07566,0.0754292457207591,0.07527435765457133,0,0,0,0
1754605500,0.07566,0.07566,0.07504,0.07529,0.07541598422354394,0.07527497107988225,0,0,0,0
1754605800,0.07529,0.07565,0.07526,0.07533,0.07540779524987308,0.07527712907674962,0,0,0,0
1754606100,0.07533,0.07584,0.07533,0.07551,0.07541752903559945,0.07528626126981826,0,0,0,0
1754606400,0.07551,0.07551,0.0752,0.07539,0.07541490722268522,0.07529032945531558,0,0,0,0
1754606700,0.07539,0.07567,0.075,0.07523,0.07539729701100091,0.07528796359432281,0,0,0,0
1754607000,0.07523,0.07649,0.07516,0.07624,0.07547755443852464,0.07532529835532976,0,0,0,0
1754607300,0.07624,0.07654,0.07611,0.0764,0.07556540639676039,0.07536744351786585,0,0,0,0
1754607600,0.0764,0.07675,0.07602,0.07622,0.07562774864468798,0.07540087710540053,0,0,0,0
1754607900,0.07622,0.0764,0.07603,0.07613,0.07567558210709864,0.0754294701600907,0,0,0,0
1754608200,0.07613,0.07633,0.07603,0.07633,0.0757379076207083,0.07546478505577342,0,0,0,0
1754608500,0.07633,0.07748,0.07617,0.07704,0.07586191641873608,0.07552655819084113,0,0,1,0
1754608800,0.07704,0.0772,0.07665,0.07682,0.07595316247409455,0.07557728139904343,0,0,0,0
1754609100,0.07682,0.07692,0.07669,0.07685,0.07603857557179983,0.07562719193241428,0,0,0,0
1754609400,0.07685,0.07718,0.07659,0.07709,0.07613871123162841,0.07568455695467255,0,0,1,0
1754609700,0.07709,0.07773,0.07709,0.07747,0.07626550063813999,0.07575457432899911,0,0,1,0
1754610000,0.07747,0.0778,0.07734,0.07747,0.07638021486307904,0.07582184592394033,0,0,1,0
1754610300,0.07747,0.078,0.07741,0.07792,0.07652686106659533,0.07590412647594266,0,0,1,0
1754610600,0.07792,0.07812,0.0777,0.07779,0.07664716001263387,0.0759780823004155,0,0,1,0
1754610900,0.07779,0.07878,0.07751,0.07778,0.07675504953524016,0.0760487457396149,0,0,1,0
1754611200,0.07778,0.07933,0.07764,0.07933,0.07700028291283634,0.07617742237727707,0,0,1,0
1754611500,0.07933,0.08274,0.07923,0.08175,0.07745263692113764,0.07639595483307011,1,0,1,0
1754611800,0.08175,0.08182,0.07949,0.07968,0.07766476673817216,0.07652474091804776,0,0,1,0
1754612100,0.07968,0.08258,0.07948,0.08064,0.07794812228691766,0.07668612362714393,0,0,1,0
1754612400,0.08064,0.08095,0.07558,0.07655,0.0778149677834017,0.07668078544568731,0,1,0,0
1754612700,0.07655,0.07726,0.07626,0.07699,0.07773639942307774,0.07669291150664075,0,0,0,0
1754613000,0.07699,0.07884,0.07682,0.07873,0.07783102804945129,0.07677279732990974,0,0,1,0
1754613300,0.07873,0.07984,0.07764,0.07937,0.0779775968066464,0.07687464841501132,0,0,0,0
1754613600,0.07937,0.07987,0.07872,0.0791,0.07808449234887055,0.07696191710461872,0,0,0,0
1754613900,0.0791,0.08048,0.079,0.08015,0.07828120736326383,0.07708693996326113,0,0,0,0
1754614200,0.08015,0.08113,0.07984,0.08032,0.07847537809057203,0.07721372663136854,0,0,0,0
1754614500,0.08032,0.08221,0.08009,0.0812,0.07873486589146994,0.07737005107719722,0,0,0,0
1754614800,0.0812,0.08261,0.08095,0.08236,0.07908011675894899,0.07756573534867968,0,0,0,0
1754615100,0.08236,0.08285,0.08013,0.08154,0.0793143913533348,0.07772158886441773,0,0,0,0
1754615400,0.08154,0.08404,0.08139,0.08294,0.07965968741492196,0.07792623243836212,1,0,1,0
1754615700,0.08294,0.08372,0.08171,0.08187,0.07987019337540559,0.0780808899897989,0,0,0,0
1754616000,0.08187,0.08282,0.08098,0.08258,0.08012827019679553,0.07825732567647345,0,0,0,0
1754616300,0.08258,0.08282,0.08013,0.08141,0.08025033970186261,0.07838095996367057,0,0,0,0
1754616600,0.08141,0.08215,0.08127,0.08145,0.08036459306358998,0.07850131447489918,0,0,0,0
1754616900,0.08145,0.0816,0.08052,0.08066,0.0803927270575338,0.07858596880921685,0,0,0,0
1754617200,0.08066,0.08284,0.0805,0.08259,0.08060199114729248,0.07874298964022795,0,0,0,0
1754617500,0.08259,0.08468,0.08259,0.08414,0.08093894437135986,0.07895463710531705,0,0,1,0
1754617800,0.08414,0.0852,0.08371,0.08517,0.08134190205027797,0.07919837682667717,0,0,1,0
1754618100,0.08517,0.08599,0.08409,0.08483,0.0816741018550134,0.07941922479425846,0,0,1,0
1754618400,0.08483,0.08579,0.08364,0.08445,0.08193847310691689,0.07961651009644441,0,0,1,0
1754618700,0.08445,0.08522,0.0841,0.08489,0.08221957090625814,0.07982331362207404,0,0,1,0
1754619000,0.08489,0.08985,0.08465,0.08857,0.0828243736770907,0.08016632093101231,0,0,1,0
1754619300,0.08857,0.08999,0.08771,0.0897,0.08347919523165348,0.0805401906984236,0,0,1,0
1754619600,0.0897,0.09182,0.08902,0.09079,0.08417546235244838,0.08094214400436776,0,0,1,0
1754619900,0.09079,0.09225,0.09044,0.09168,0.08489018022364378,0.08136323639635334,0,0,1,0
1754620200,0.09168,0.09226,0.0911,0.09177,0.08554540115472532,0.08177134477296694,0,0,1,0
1754620500,0.09177,0.09212,0.08909,0.091,0.0860648867590372,0.08213325282108588,0,0,1,0
1754620800,0.091,0.09105,0.08974,0.09005,0.08644442135341461,0.0824437134947688,0,0,1,0
1754621100,0.09005,0.09276,0.09005,0.09133,0.08690971455785132,0.08279219531850335,0,0,1,0
1754621400,0.09133,0.096,0.09059,0.09364,0.08755069412377024,0.08321759942366008,1,0,1,0
1754621700,0.09364,0.095,0.09165,0.09446,0.08820872325483975,0.0836584778776342,0,0,1,0
1754622000,0.09446,0.09586,0.09353,0.09501,0.08885646389723596,0.08410363560792306,0,0,1,0
1754622300,0.09501,0.09526,0.09278,0.09382,0.08932918162130873,0.08448466950565156,0,0,1,0
1754622600,0.09382,0.09528,0.09316,0.09333,0.08971021194308886,0.08483154521131228,0,0,1,0
1754622900,0.09333,0.0938,0.09076,0.09118,0.08985019175803277,0.08508050422263337,0,0,1,0
1754623200,0.09118,0.0926,0.0857,0.08685,0.0895644592096487,0.08514989621390265,0,0,0,0
1754623500,0.08685,0.08983,0.08673,0.08963,0.08957070118968216,0.08532558655845549,0,0,0,0
1754623800,0.08963,0.09071,0.08878,0.08902,0.08951825345733148,0.08547046551694742,0,0,0,0
1754624100,0.08902,0.08912,0.08769,0.08846,0.08941746741377611,0.08558770216334165,0,0,0,0
1754624400,0.08846,0.08854,0.08532,0.08683,0.08917104194579743,0.08563641972556355,0,1,0,0
1754624700,0.08683,0.08838,0.08671,0.08723,0.08898618080810244,0.08569891306965909,0,0,0,0
1754625000,0.08723,0.08884,0.08703,0.08793,0.08888559215971173,0.0857864066747705,0,0,0,0
1754625300,0.08793,0.08806,0.08613,0.08662,0.08866982147783442,0.08581909660909322,0,0,0,0
1754625600,0.08662,0.08833,0.08662,0.08778,0.08858507657518352,0.08589599478128564,0,0,0,0
1754625900,0.08778,0.08888,0.08763,0.08815,0.08854364071088033,0.08598438714280385,0,0,0,0
1754626200,0.08815,0.08844,0.08689,0.08733,0.08842805588127269,0.0860371562744586,0,0,0,0
1754626500,0.08733,0.08938,0.08715,0.0882,0.08840633627353243,0.08612197367546022,1,0,0,0
1754626800,0.0882,0.08845,0.08776,0.08793,0.08836097091414839,0.08619287666857943,0,0,0,0
1754627100,0.08793,0.08805,0.08272,0.08497,0.08803802130327712,0.086144920720792,0,1,0,0
1754627400,0.08497,0.0864,0.0834,0.08461,0.08771154308391739,0.08608472775134918,0,0,0,0
1754627700,0.08461,0.08554,0.08384,0.08473,0.08742758659973478,0.0860316011728649,0,0,0,0
1754628000,0.08473,0.08588,0.08442,0.08551,0.08724495930452195,0.08601114622490942,0,0,0,0
1754628300,0.08551,0.08666,0.085,0.08546,0.08707496318028177,0.085989532647462,0,0,0,0
1754628600,0.08546,0.08564,0.08394,0.08488,0.08686591906787398,0.0859460215632478,0,0,0,0
1754628900,0.08488,0.08713,0.08488,0.08665,0.08684535534712408,0.08597362856076748,0,0,0,0
1754629200,0.08665,0.08723,0.08613,0.08678,0.08683913102835035,0.08600525097014915,0,0,0,0
1754629500,0.08678,0.08808,0.08673,0.08764,0.08691540426374555,0.08606935877524134,0,0,0,0
1754629800,0.08764,0.08794,0.08653,0.08689,0.08691298481005551,0.08610154078405541,0,0,0,0
1754630100,0.08689,0.08784,0.08531,0.08617,0.08684222435195499,0.08610422545919048,0,0,0,0
1754630400,0.08617,0.08678,0.08529,0.08655,0.0868143934612926,0.08612170681373203,0,0,0,0
1754630700,0.08655,0.0876,0.08638,0.08702,0.08683397503640759,0.08615693399750725,0,0,0,0
1754631000,0.08702,0.08799,0.08686,0.08731,0.08687931074722592,0.08620215227211481,0,0,0,0
1754631300,0.08731,0.08876,0.08712,0.08805,0.08699080496177583,0.08627461688889462,1,0,0,0
1754631600,0.08805,0.08805,0.08582,0.08618,0.08691358544160671,0.08627090642266347,0,0,0,0
1754631900,0.08618,0.08623,0.08403,0.08478,0.08671038682812035,0.08621243950412764,0,0,0,0
1754632200,0.08478,0.08496,0.08404,0.08446,0.08649606427306127,0.08614371638631872,0,0,0,0
1754632500,0.08446,0.08455,0.08151,0.08271,0.0861354867232459,0.0860090608417572,0,0,0,1
1754632800,0.08271,0.08383,0.08235,0.08257,0.08579591655912724,0.0858741957107079,0,0,0,1
1754633100,0.08257,0.08295,0.08191,0.08207,0.08544106736301989,0.08572501156518994,0,0,0,1
1754633400,0.08207,0.08569,0.08201,0.08364,0.08526953713797038,0.08564324640577073,0,0,0,0
1754633700,0.08364,0.08556,0.08066,0.08244,0.08500005741054463,0.08551762889966208,0,1,0,1
1754634000,0.08244,0.08326,0.08213,0.08292,0.08480195670477847,0.08541576109967533,0,0,0,0
1754634300,0.08292,0.08378,0.08292,0.08367,0.08469415130432338,0.08534729988008022,0,0,0,0
1754634600,0.08367,0.08393,0.08297,0.08375,0.08460423213248305,0.08528466066909668,0,0,0,0
1754634900,0.08375,0.08392,0.08335,0.08357,0.08450573383415133,0.08521741907423014,0,0,0,0
1754635200,0.08357,0.08377,0.08215,0.08241,0.08430614013566073,0.08510732420857406,0,0,0,1
1754635500,0.08241,0.08245,0.08123,0.08224,0.08410936488464543,0.08499488012196331,0,0,0,0
1754635800,0.08224,0.08297,0.08203,0.08242,0.08394847299086967,0.08489390443090593,0,0,0,0
1754636100,0.08242,0.08314,0.08242,0.08288,0.08384671365840589,0.08481492778655668,0,0,0,0
1754636400,0.08288,0.08349,0.08224,0.08224,0.08369369330998629,0.08471395022629956,0,0,0,0
1754636700,0.08224,0.08241,0.08171,0.08225,0.08355619870903522,0.08461732472722899,0,0,0,0
1754637000,0.08225,0.08551,0.08196,0.08398,0.08359656073674615,0.08459233160067099,0,0,0,0
1754637300,0.08398,0.08898,0.08394,0.08653,0.08387593590467508,0.08466831859672311,1,0,0,0
1754637600,0.08653,0.08782,0.08652,0.08659,0.08413441819946793,0.08474367865175357,0,0,0,0
1754637900,0.08659,0.08759,0.08588,0.08705,0.08441209265666146,0.08483412262619461,0,0,0,0
1754638200,0.08705,0.08727,0.08643,0.08677,0.08463665526078894,0.08491003938595168,0,0,0,0
1754638500,0.08677,0.087,0.0857,0.08667,0.0848303071407138,0.08497905744924769,0,0,0,0
1754638800,0.08667,0.08684,0.08601,0.08623,0.08496361122255058,0.08502811401986543,0,0,0,0
1754639100,0.08623,0.08769,0.0831,0.08398,0.08486993396326005,0.08498701150928248,0,1,0,0
1754639400,0.08398,0.08518,0.08365,0.08496,0.08487851168104481,0.08498595223440865,0,0,0,0
1754639700,0.08496,0.08657,0.08441,0.08629,0.08501293913999292,0.08503709136247105,0,0,0,0
1754640000,0.08629,0.08694,0.08589,0.08694,0.08519646874570788,0.08511171523060944,0,0,0,0
1754640300,0.08694,0.0875,0.0865,0.08684,0.08535299553183094,0.08517949110391887,0,0,0,0
1754640600,0.08684,0.08718,0.0863,0.0868,0.08549080548118038,0.08524304047239264,0,0,0,0
1754640900,0.0868,0.08836,0.0867,0.08803,0.08573263353059177,0.08535233300288705,0,0,0,0
1754641200,0.08803,0.0885,0.08754,0.08804,0.08595238271815446,0.08545773170865618,0,0,0,0
1754641500,0.08804,0.08937,0.08783,0.08924,0.08626548912594928,0.08560605595537554,0,0,1,0
1754641800,0.08924,0.09196,0.08845,0.08917,0.08654210920919221,0.08574581846692944,0,0,1,0
1754642100,0.08917,0.09014,0.08866,0.08931,0.08680571785593581,0.08588559029175574,0,0,1,0
1754642400,0.08931,0.08989,0.08841,0.08953,0.08706517329822765,0.08602850831953003,0,0,1,0
1754642700,0.08953,0.09011,0.08842,0.0887,0.08722087107934882,0.0861332726991563,0,0,0,0
1754643000,0.0887,0.0911,0.08851,0.09078,0.08755983573845846,0.08631549729918939,0,0,1,0
1754643300,0.09078,0.09347,0.09,0.09314,0.08809127995384337,0.08658312485608392,0,0,1,0
1754643600,0.09314,0.0968,0.09279,0.09582,0.08882734852966781,0.08694535525388455,0,0,1,0
1754643900,0.09582,0.0975,0.093,0.09326,0.08924950581255658,0.0871929883811832,1,0,1,0
1754644200,0.09326,0.09502,0.09168,0.09221,0.08953145763993214,0.08738973393486228,0,0,1,0
1754644500,0.09221,0.09339,0.09075,0.09192,0.08975893786470052,0.08756739142761279,0,0,1,0
1754644800,0.09192,0.09318,0.09156,0.09167,0.08994094378234808,0.08772827803829464,NaN,NaN,1,0
1754645100,0.09167,0.09255,0.09125,0.0915,0.09008942532688637,0.08787618870345955,NaN,NaN,1,0
1754645400,0.0915,0.09305,0.09009,0.09107,0.09018281339099242,0.08800143620528467,NaN,NaN,1,0
1754645700,0.09107,0.0925,0.09066,0.09166,0.09032349782994552,0.08814490929527351,NaN,NaN,0,0
1754646000,0.09166,0.09168,0.09001,0.09051,0.09034125994137927,0.08823765795036081,NaN,NaN,0,0
1754646300,0.09051,0.09121,0.09051,0.09106,0.09040971137553362,0.08834833803073883,NaN,NaN,0,0