time,open,high,low,close,Buy Raw,Liq Long,Sell Raw,Liq Short,Swing High,Swing Low,Bullish BOS,Bearish BOS,Bullish CHOCH,Bearish CHOCH
1754750160,0.23849,0.23951,0.23848,0.23929,0,0,0,0,0,0,0,0,0,0
1754750340,0.23929,0.23949,0.239,0.23933,0,0,0,0,0,0,0,0,0,0
1754750520,0.23933,0.23936,0.23901,0.23908,0,0,0,0,0,0,0,0,0,0
1754750700,0.23908,0.23933,0.2384,0.23884,0,0,0,0,0,0,0,0,0,0
1754750880,0.23884,0.23894,0.23848,0.23884,0,0,0,0,0,0,0,0,0,0
1754751060,0.23884,0.23937,0.23876,0.239,0,0,0,0,0,0,0,0,0,0
1754751240,0.239,0.23969,0.239,0.23969,0,0,0,0,0,0,0,0,0,0
1754751420,0.23969,0.24012,0.23962,0.23996,0,0,0,0,0,0,0,0,0,0
1754751600,0.23996,0.24091,0.23957,0.24083,0,0,0,0,0,0,0,0,0,0
1754751780,0.24083,0.24103,0.23965,0.24094,0,0,0,0,0,0,0,0,0,0
1754751960,0.24094,0.24101,0.2393,0.23939,0,0,0,0,0,0,0,0,0,0
1754752140,0.23939,0.23998,0.23852,0.23883,0,0,0,0,0,0,0,0,0,0
1754752320,0.23883,0.23963,0.23869,0.23925,0,0,0,0,0,0,0,0,0,0
1754752500,0.23925,0.24029,0.23913,0.24024,0,0,0,0,0,0,0,0,0,0
1754752680,0.24024,0.2403,0.23983,0.2402,0,0,0,0,0,0,0,0,0,0
1754752860,0.2402,0.24023,0.23751,0.23868,0,0,0,0,1,0,0,0,0,0
1754753040,0.23868,0.23895,0.2383,0.23884,0,0,0,0,0,0,0,0,0,0
1754753220,0.23884,0.23934,0.23803,0.23854,0,0,0,0,0,0,0,0,0,0
1754753400,0.23854,0.23983,0.23841,0.23977,0,0,0,0,0,0,0,0,0,0
1754753580,0.23977,0.24002,0.23925,0.23987,0,0,0,0,0,0,0,0,0,0
1754753760,0.23987,0.23989,0.23934,0.23948,0,0,0,0,0,0,0,0,0,0
1754753940,0.23948,0.24026,0.23924,0.24003,0,0,0,0,0,1,0,0,0,0
1754754120,0.24003,0.24034,0.23975,0.24012,0,0,0,0,0,0,0,0,0,0
1754754300,0.24012,0.24093,0.23954,0.24093,0,0,0,0,0,0,0,0,0,0
1754754480,0.24093,0.24144,0.24058,0.2408,0,0,0,1,0,0,0,0,0,0
1754754660,0.2408,0.24094,0.24024,0.24078,0,0,0,0,0,0,0,0,0,0
1754754840,0.24078,0.24098,0.24037,0.24074,0,0,0,0,0,0,0,0,0,0
1754755020,0.24074,0.24108,0.24056,0.24067,0,0,0,0,0,0,0,0,0,0
1754755200,0.24067,0.24181,0.24063,0.24159,0,0,0,0,0,0,1,0,0,0
1754755380,0.24159,0.24305,0.24136,0.24292,0,0,0,0,0,0,1,0,0,0
1754755560,0.24292,0.24355,0.24236,0.24329,0,0,0,0,0,0,1,0,0,0
1754755740,0.24329,0.24347,0.24257,0.24322,0,0,0,0,0,0,1,0,0,0
1754755920,0.24322,0.24346,0.24253,0.24316,0,0,0,0,0,0,1,0,0,0
1754756100,0.24316,0.24331,0.24267,0.24309,0,0,0,0,0,0,1,0,0,0
1754756280,0.24309,0.2442,0.24309,0.24369,0,0,0,0,0,0,1,0,0,0
1754756460,0.24369,0.24493,0.24348,0.24443,0,0,0,0,0,0,1,0,0,0
1754756640,0.24443,0.24443,0.24295,0.24329,0,0,0,0,0,0,1,0,0,0
1754756820,0.24329,0.24335,0.24252,0.2427,0,0,0,0,0,0,1,0,0,0
1754757000,0.2427,0.24312,0.24132,0.24135,0,0,0,0,0,0,1,0,0,0
1754757180,0.24135,0.24175,0.24027,0.24158,0,1,0,0,0,0,1,0,0,0
1754757360,0.24158,0.24181,0.2407,0.24083,0,0,0,0,0,0,0,0,0,0
1754757540,0.24083,0.24177,0.24082,0.24177,0,0,0,0,1,0,0,0,0,0
1754757720,0.24177,0.24177,0.24117,0.24133,0,0,0,0,0,0,0,0,0,0
1754757900,0.24133,0.24161,0.24088,0.24089,0,0,0,0,0,0,0,0,0,0
1754758080,0.24089,0.24127,0.24051,0.24067,0,0,0,0,0,0,0,0,0,0
1754758260,0.24067,0.24095,0.2403,0.24055,0,0,0,0,0,1,0,0,0,0
1754758440,0.24055,0.24127,0.24052,0.24054,0,0,0,0,0,0,0,0,0,0
1754758620,0.24054,0.2408,0.24046,0.24077,0,0,0,0,0,0,0,0,0,0
1754758800,0.24077,0.24111,0.24046,0.24072,0,0,0,0,0,0,0,0,0,0
1754758980,0.24072,0.24144,0.24062,0.24141,0,0,0,0,0,0,0,0,0,0
1754759160,0.24141,0.24305,0.24119,0.24226,0,0,0,0,0,0,0,0,0,0
1754759340,0.24226,0.24347,0.24224,0.24312,0,0,0,0,0,0,0,0,0,0
1754759520,0.24312,0.24322,0.24219,0.24252,0,0,0,0,0,0,0,0,0,0
1754759700,0.24252,0.24321,0.24241,0.24303,0,0,0,0,0,0,0,0,0,0
1754759880,0.24303,0.24325,0.24266,0.243,0,0,0,0,0,0,0,0,0,0
1754760060,0.243,0.24345,0.2429,0.24336,0,0,0,0,0,0,0,0,0,0
1754760240,0.24336,0.24346,0.24254,0.24306,0,0,0,0,0,0,0,0,0,0
1754760420,0.24306,0.24331,0.24292,0.24299,0,0,0,0,1,0,0,0,0,0
1754760600,0.24299,0.24329,0.24284,0.243,0,0,0,0,0,0,0,0,0,0
1754760780,0.243,0.24627,0.243,0.24608,0,0,0,0,0,0,1,0,0,0
1754760960,0.24608,0.2465,0.24505,0.24536,0,0,0,1,0,0,1,0,0,0
1754761140,0.24536,0.24567,0.2447,0.24543,0,0,0,0,0,0,1,0,0,0
1754761320,0.24543,0.24587,0.24533,0.24537,0,0,0,0,0,0,1,0,0,0
1754761500,0.24537,0.24539,0.2448,0.24537,0,0,0,0,0,0,1,0,0,0
1754761680,0.24537,0.2454,0.24433,0.24472,0,0,0,0,0,0,1,0,0,0
1754761860,0.24472,0.245,0.24457,0.24492,0,0,0,0,0,0,1,0,0,0
1754762040,0.24492,0.24536,0.24478,0.2453,0,0,0,0,1,0,0,0,0,0
1754762220,0.2453,0.24535,0.24462,0.24483,0,0,0,0,0,0,0,0,0,0
1754762400,0.24483,0.24495,0.24364,0.24412,0,0,0,0,0,0,0,0,0,0
1754762580,0.24412,0.24451,0.24395,0.24405,0,0,0,0,0,0,0,0,0,0
1754762760,0.24405,0.24477,0.24399,0.24427,0,0,0,0,0,0,0,0,0,0
1754762940,0.24427,0.24436,0.24397,0.24415,0,0,0,0,0,0,0,0,0,0
1754763120,0.24415,0.24419,0.24357,0.24401,0,0,0,0,0,0,0,0,0,0
1754763300,0.24401,0.24467,0.24363,0.2443,0,0,0,0,0,0,0,0,0,0
1754763480,0.2443,0.24578,0.24422,0.24552,0,0,0,0,0,0,0,0,0,0
1754763660,0.24552,0.24603,0.24517,0.24535,0,0,0,1,0,0,0,0,0,0
1754763840,0.24535,0.24643,0.24535,0.24631,0,0,0,0,0,0,0,0,0,0
1754764020,0.24631,0.24631,0.24565,0.2459,0,0,0,0,0,0,0,0,0,0
1754764200,0.2459,0.24596,0.24508,0.24536,0,0,0,0,0,1,0,0,0,0
1754764380,0.24536,0.24592,0.24514,0.24574,0,0,0,0,0,0,0,0,0,0
1754764560,0.24574,0.24592,0.24531,0.24564,0,0,0,0,0,0,0,0,0,0
1754764740,0.24564,0.24673,0.24546,0.24559,0,0,0,1,0,0,0,0,0,0
1754764920,0.24559,0.24559,0.24456,0.24468,0,0,0,0,0,0,0,0,0,0
1754765100,0.24468,0.24516,0.24463,0.24499,0,0,0,0,0,0,0,0,0,0
1754765280,0.24499,0.24506,0.24457,0.24469,0,0,0,0,0,0,0,0,0,0
1754765460,0.24469,0.24606,0.24468,0.24574,0,0,0,0,0,0,0,0,0,0
1754765640,0.24574,0.24615,0.24536,0.24537,0,0,0,0,0,0,0,0,0,0
1754765820,0.24537,0.24565,0.24512,0.2454,0,0,0,0,1,0,0,0,0,0
1754766000,0.2454,0.24592,0.24504,0.24583,0,0,0,0,0,1,0,0,0,0
1754766180,0.24583,0.24584,0.24489,0.24518,0,0,0,0,0,0,0,0,0,0
1754766360,0.24518,0.24534,0.24489,0.24532,0,0,0,0,0,0,0,0,0,0
1754766540,0.24532,0.24591,0.24527,0.24572,0,0,0,0,0,0,0,0,0,0
1754766720,0.24572,0.24653,0.2456,0.24562,0,0,0,1,0,0,0,0,0,0
1754766900,0.24562,0.24608,0.24538,0.24593,0,0,0,0,0,0,0,0,0,0
1754767080,0.24593,0.24593,0.2451,0.24516,0,0,0,0,0,0,0,0,0,0
1754767260,0.24516,0.24534,0.24485,0.2449,0,0,0,0,0,0,0,0,0,0
1754767440,0.2449,0.24496,0.24378,0.24388,0,0,0,0,0,0,0,1,0,0
1754767620,0.24388,0.24446,0.2438,0.24445,0,0,0,0,0,0,0,1,0,0
1754767800,0.24445,0.24505,0.24426,0.24474,0,0,0,0,1,0,0,0,0,0
1754767980,0.24474,0.24474,0.24388,0.24404,0,0,0,0,0,0,0,1,0,0
1754768160,0.24404,0.24404,0.24289,0.24303,0,0,0,0,0,0,0,1,0,0
1754768340,0.24303,0.24359,0.24241,0.2434,0,1,0,0,0,0,0,1,0,0
1754768520,0.2434,0.24409,0.24313,0.24374,0,0,0,0,0,0,0,1,0,0
1754768700,0.24374,0.24399,0.24308,0.24334,0,0,0,0,0,0,0,1,0,0
1754768880,0.24334,0.24334,0.24268,0.24302,0,0,0,0,0,0,0,1,0,0
1754769060,0.24302,0.24326,0.24272,0.24285,0,0,0,0,0,0,0,1,0,0
1754769240,0.24285,0.243,0.2424,0.24285,0,0,0,0,0,0,0,1,0,0
1754769420,0.24285,0.24304,0.24278,0.24295,0,0,0,0,0,0,0,1,0,0
1754769600,0.24295,0.24296,0.24256,0.24267,0,0,0,0,0,0,0,1,0,0
1754769780,0.24267,0.24288,0.24239,0.24281,0,1,0,0,0,0,0,1,0,0
1754769960,0.24281,0.2431,0.24247,0.24256,0,0,0,0,0,0,0,1,0,0
1754770140,0.24256,0.24384,0.24248,0.24266,0,0,0,0,0,0,0,1,0,0
1754770320,0.24266,0.24327,0.24251,0.24309,0,0,0,0,0,0,0,1,0,0
1754770500,0.24309,0.24309,0.24209,0.2423,0,0,0,0,0,0,0,1,0,0
1754770680,0.2423,0.24271,0.24183,0.24246,0,1,0,0,0,0,0,1,0,0
1754770860,0.24246,0.24274,0.24237,0.24263,0,0,0,0,0,0,0,1,0,0
1754771040,0.24263,0.24329,0.24249,0.2432,0,0,0,0,0,0,0,1,0,0
1754771220,0.2432,0.24372,0.24296,0.24345,0,0,0,0,1,0,0,1,0,0
1754771400,0.24345,0.24361,0.24319,0.24342,0,0,0,0,0,0,0,1,0,0
1754771580,0.24342,0.24342,0.24287,0.24322,0,0,0,0,0,0,0,1,0,0
1754771760,0.24322,0.24414,0.24322,0.24387,0,0,0,0,0,1,1,0,0,0
1754771940,0.24387,0.24503,0.24387,0.24405,0,0,0,0,0,0,1,0,0,0
1754772120,0.24405,0.2444,0.24388,0.24427,0,0,0,0,0,0,1,0,0,0
1754772300,0.24427,0.24447,0.24372,0.24372,0,0,0,0,0,0,0,0,0,0
1754772480,0.24372,0.2438,0.24284,0.24294,0,0,0,0,0,0,0,0,0,0
1754772660,0.24294,0.24327,0.24273,0.24276,0,0,0,0,0,0,0,0,0,0
1754772840,0.24276,0.24339,0.24271,0.24309,0,1,0,0,0,0,0,0,0,0
1754773020,0.24309,0.24357,0.24302,0.24324,0,0,0,0,1,0,0,0,0,0
1754773200,0.24324,0.24362,0.24269,0.24307,0,0,0,0,0,0,0,0,0,0
1754773380,0.24307,0.24315,0.24274,0.24302,0,0,0,0,0,0,0,0,0,0
1754773560,0.24302,0.24343,0.24284,0.24315,0,0,0,0,0,0,0,0,0,0
1754773740,0.24315,0.24411,0.24314,0.24399,0,0,0,0,0,0,0,0,0,0
1754773920,0.24399,0.24405,0.24312,0.24314,0,0,0,0,0,0,0,0,0,0
1754774100,0.24314,0.24326,0.24134,0.24165,0,0,0,0,0,0,0,1,0,0
1754774280,0.24165,0.24257,0.24157,0.24232,0,0,0,0,0,0,0,0,0,0
1754774460,0.24232,0.24242,0.24172,0.24208,0,0,0,0,0,0,0,0,0,0
1754774640,0.24208,0.24212,0.2411,0.2415,0,0,0,0,0,0,0,1,0,0
1754774820,0.2415,0.24166,0.2412,0.24134,0,0,0,0,1,0,0,1,0,0
1754775000,0.24134,0.24202,0.24104,0.24182,0,1,0,0,0,0,0,1,0,0
1754775180,0.24182,0.24221,0.2415,0.242,0,0,0,0,0,0,0,0,0,0
1754775360,0.242,0.24234,0.2419,0.24193,0,0,0,0,0,0,0,0,0,0
1754775540,0.24193,0.24237,0.24162,0.24236,0,0,0,0,0,0,0,0,0,0
1754775720,0.24236,0.24243,0.24179,0.24192,0,0,0,1,0,0,0,0,0,0
1754775900,0.24192,0.24254,0.24192,0.2423,0,0,0,0,0,0,0,0,0,0
1754776080,0.2423,0.24279,0.24218,0.2427,0,0,0,0,0,1,0,0,0,0
1754776260,0.2427,0.24291,0.24269,0.24291,0,0,0,0,0,0,0,0,0,0
1754776440,0.24291,0.24304,0.24282,0.24285,0,0,0,1,0,0,0,0,0,0
1754776620,0.24285,0.24285,0.24204,0.24223,0,0,0,0,0,0,0,0,0,0
1754776800,0.24223,0.24248,0.24179,0.24211,0,0,0,0,0,0,0,0,0,0
1754776980,0.24211,0.24253,0.2418,0.24253,0,0,0,0,0,0,0,0,0,0
1754777160,0.24253,0.24256,0.24207,0.24209,0,0,0,0,0,0,0,0,0,0
1754777340,0.24209,0.24219,0.24154,0.24169,0,0,0,0,0,0,0,0,0,0
1754777520,0.24169,0.24196,0.24157,0.24185,0,0,0,0,1,0,0,0,0,0
1754777700,0.24185,0.24215,0.24176,0.24188,0,0,0,0,0,0,0,0,0,0
1754777880,0.24188,0.24225,0.24168,0.24215,0,0,0,0,0,0,0,0,0,0
1754778060,0.24215,0.24326,0.24197,0.24326,0,0,0,0,0,0,1,0,0,0
1754778240,0.24326,0.24364,0.24295,0.24305,0,0,0,1,0,0,1,0,0,0
1754778420,0.24305,0.24366,0.24295,0.24302,0,0,0,1,0,1,0,0,0,0
1754778600,0.24302,0.24309,0.24198,0.24233,0,0,0,0,0,0,0,0,0,0
1754778780,0.24233,0.24263,0.24181,0.2425,0,0,0,0,0,0,0,0,0,0
1754778960,0.2425,0.2425,0.24115,0.24169,0,0,0,0,0,0,0,0,0,0
1754779140,0.24169,0.24192,0.24131,0.24152,0,0,0,0,0,0,0,1,0,0
1754779320,0.24152,0.24152,0.24099,0.24132,0,0,0,0,0,0,0,1,0,0
1754779500,0.24132,0.2414,0.24046,0.2405,0,0,0,0,1,0,0,1,0,0
1754779680,0.2405,0.24093,0.23932,0.24083,0,1,0,0,0,0,0,1,0,0
1754779860,0.24083,0.24087,0.24025,0.24025,0,0,0,0,0,0,0,1,0,0
1754780040,0.24025,0.24073,0.24024,0.24059,0,0,0,0,0,0,0,1,0,0
1754780220,0.24059,0.24061,0.24012,0.24043,0,0,0,0,0,0,0,1,0,0
1754780400,0.24043,0.24053,0.23967,0.24016,0,0,0,0,0,0,0,1,0,0
1754780580,0.24016,0.24069,0.23966,0.24036,0,0,0,0,0,0,0,1,0,0
1754780760,0.24036,0.24037,0.23994,0.24003,0,0,0,0,0,1,0,0,0,0
1754780940,0.24003,0.24009,0.23974,0.23989,0,0,0,0,0,0,0,0,0,0
1754781120,0.23989,0.24009,0.2395,0.24009,0,1,0,0,0,0,0,0,0,0
1754781300,0.24009,0.24044,0.23993,0.2402,0,0,0,0,0,0,0,0,0,0
1754781480,0.2402,0.24032,0.23987,0.23993,0,0,0,0,0,0,0,0,0,0
1754781660,0.23993,0.24036,0.23984,0.2403,0,0,0,0,0,0,0,0,0,0
1754781840,0.2403,0.24031,0.23984,0.24002,0,0,0,0,0,0,0,0,0,0
1754782020,0.24002,0.24012,0.23974,0.23989,0,0,0,0,0,0,0,0,0,0
1754782200,0.23989,0.24058,0.2397,0.24058,0,1,0,0,0,1,0,0,0,0
1754782380,0.24058,0.2408,0.24035,0.24065,0,0,0,0,0,0,0,0,0,0
1754782560,0.24065,0.2411,0.24062,0.2411,0,0,0,0,0,0,0,0,0,0
1754782740,0.2411,0.24117,0.24057,0.24071,0,0,0,1,0,0,0,0,0,0
1754782920,0.24071,0.24118,0.24066,0.24117,0,0,0,0,0,0,0,0,0,0
1754783100,0.24117,0.24126,0.24062,0.24064,0,0,0,1,0,0,0,0,0,0
1754783280,0.24064,0.24076,0.24037,0.24073,0,0,0,0,0,0,0,0,0,0
1754783460,0.24073,0.24077,0.24038,0.24061,0,0,0,0,0,0,0,0,0,0
1754783640,0.24061,0.24089,0.24016,0.24035,0,0,0,0,0,0,0,0,0,0
1754783820,0.24035,0.24035,0.23988,0.23995,0,0,0,0,0,0,0,0,0,0
1754784000,0.23995,0.24053,0.23995,0.24044,0,0,0,0,0,0,0,0,0,0
1754784180,0.24044,0.24045,0.23975,0.23975,0,0,0,0,1,0,0,0,0,0
1754784360,0.23975,0.23992,0.23918,0.23973,0,0,0,0,0,0,0,0,0,0
1754784540,0.23973,0.24032,0.23968,0.24032,0,0,0,0,0,0,0,0,0,0
1754784720,0.24032,0.24104,0.24032,0.24073,0,0,0,0,0,0,0,0,0,0
1754784900,0.24073,0.24095,0.24052,0.24089,0,0,0,0,0,0,0,0,0,0
1754785080,0.24089,0.24142,0.24089,0.24136,0,0,0,0,0,0,1,0,0,0
1754785260,0.24136,0.2417,0.24091,0.24161,0,0,0,0,0,0,1,0,0,0
1754785440,0.24161,0.24201,0.24155,0.24169,0,0,0,0,0,1,1,0,0,0
1754785620,0.24169,0.24193,0.24123,0.24125,0,0,0,0,0,0,0,0,0,0
1754785800,0.24125,0.2413,0.24086,0.24108,0,0,0,0,0,0,0,0,0,0
1754785980,0.24108,0.24147,0.24084,0.24113,0,1,0,0,0,0,0,0,0,0
1754786160,0.24113,0.24171,0.24108,0.24164,0,0,0,0,0,0,1,0,0,0
1754786340,0.24164,0.24193,0.2415,0.24187,0,0,0,0,0,0,1,0,0,0
1754786520,0.24187,0.24207,0.2418,0.24196,0,0,0,0,0,0,1,0,0,0
1754786700,0.24196,0.24202,0.24146,0.24163,0,0,0,0,0,0,1,0,0,0
1754786880,0.24163,0.24278,0.24161,0.24236,0,0,0,0,0,0,1,0,0,0
1754787060,0.24236,0.24319,0.24219,0.24305,0,0,0,0,0,0,1,0,0,0
1754787240,0.24305,0.24343,0.24219,0.24261,0,0,0,1,0,0,1,0,0,0
1754787420,0.24261,0.24279,0.24231,0.24242,0,0,0,0,0,0,1,0,0,0
1754787600,0.24242,0.2432,0.24234,0.24286,0,0,0,0,0,0,1,0,0,0
1754787780,0.24286,0.24305,0.2419,0.24198,0,0,0,0,0,0,1,0,0,0
1754787960,0.24198,0.24198,0.24113,0.24168,0,0,0,0,0,0,1,0,0,0
1754788140,0.24168,0.24177,0.24116,0.24154,0,0,0,0,0,0,1,0,0,0
1754788320,0.24154,0.24179,0.24076,0.24082,0,0,0,0,1,0,0,0,0,0
1754788500,0.24082,0.24173,0.24076,0.24156,0,0,0,0,0,0,0,0,0,0
1754788680,0.24156,0.24183,0.24119,0.24168,0,0,0,0,0,0,0,0,0,0
1754788860,0.24168,0.24172,0.24139,0.24155,0,0,0,0,0,0,0,0,0,0
1754789040,0.24155,0.24202,0.24135,0.24201,0,0,0,0,0,0,0,0,0,0
1754789220,0.24201,0.24211,0.24179,0.24184,0,0,0,1,0,0,0,0,0,0
1754789400,0.24184,0.24291,0.24183,0.24285,0,0,0,0,0,0,0,0,0,0
1754789580,0.24285,0.24303,0.24252,0.24284,0,0,0,1,0,0,0,0,0,0
1754789760,0.24284,0.2431,0.24245,0.24265,0,0,0,1,0,0,0,0,0,0
1754789940,0.24265,0.24283,0.2423,0.24244,0,0,0,0,0,0,0,0,0,0
1754790120,0.24244,0.24257,0.24206,0.24229,0,0,0,0,0,0,0,0,0,0
1754790300,0.24229,0.24234,0.24123,0.24142,0,0,0,0,0,0,0,0,0,0
1754790480,0.24142,0.24171,0.24119,0.24151,0,1,0,0,0,0,0,0,0,0
1754790660,0.24151,0.24174,0.24123,0.24144,0,0,0,0,0,0,0,0,0,0
1754790840,0.24144,0.24157,0.2411,0.24111,0,0,0,0,1,0,0,0,0,0
1754791020,0.24111,0.2415,0.24103,0.24123,0,1,0,0,0,0,0,0,0,0
1754791200,0.24123,0.2413,0.24102,0.24104,0,0,0,0,0,0,0,0,0,0
1754791380,0.24104,0.24135,0.24056,0.24121,0,1,0,0,0,0,0,0,0,0
1754791560,0.24121,0.24121,0.24083,0.24088,0,0,0,0,0,0,0,0,0,0
1754791740,0.24088,0.24129,0.2408,0.24129,0,0,0,0,0,0,0,0,0,0
1754791920,0.24129,0.24134,0.24041,0.24134,0,1,0,0,0,0,0,0,0,0
1754792100,0.24134,0.24177,0.24112,0.24175,0,0,0,0,0,0,0,0,0,0
1754792280,0.24175,0.24231,0.24169,0.2423,0,0,0,0,0,0,0,0,0,0
1754792460,0.2423,0.2423,0.24156,0.24169,0,0,0,0,0,0,0,0,0,0
1754792640,0.24169,0.24216,0.24121,0.24183,0,0,0,0,0,0,0,0,0,0
1754792820,0.24183,0.24207,0.2411,0.24128,0,0,0,0,0,0,0,0,0,0
1754793000,0.24128,0.24157,0.24044,0.24086,0,0,0,0,0,1,0,0,0,0
1754793180,0.24086,0.24123,0.24057,0.24117,0,0,0,0,0,0,0,0,0,0
1754793360,0.24117,0.24117,0.23958,0.23964,0,0,0,0,1,0,0,1,0,0
1754793540,0.23964,0.23992,0.23946,0.2397,0,1,0,0,0,0,0,1,0,0
1754793720,0.2397,0.23972,0.23874,0.23905,0,0,0,0,0,0,0,1,0,0
1754793900,0.23905,0.23998,0.23905,0.23963,0,0,0,0,0,0,0,1,0,0
1754794080,0.23963,0.24003,0.23952,0.23992,0,0,0,0,0,0,0,1,0,0
1754794260,0.23992,0.24018,0.23976,0.23991,0,0,0,0,0,0,0,1,0,0
1754794440,0.23991,0.24019,0.23971,0.24015,0,0,0,0,0,0,0,1,0,0
1754794620,0.24015,0.24018,0.23982,0.2399,0,0,0,0,0,0,0,1,0,0
1754794800,0.2399,0.24003,0.23957,0.23988,0,0,0,0,0,1,0,0,0,0
1754794980,0.23988,0.2407,0.23985,0.24042,0,0,0,0,0,0,0,0,0,0
1754795160,0.24042,0.24054,0.24,0.24015,0,0,0,0,0,0,0,0,0,0
1754795340,0.24015,0.24023,0.23877,0.23931,0,0,0,0,0,0,0,0,0,0
1754795520,0.23931,0.24038,0.23926,0.24032,0,0,0,0,0,0,0,0,0,0
1754795700,0.24032,0.2406,0.23926,0.24058,0,0,0,0,0,0,0,0,0,0
1754795880,0.24058,0.2414,0.24053,0.24095,0,0,0,0,0,0,0,0,0,0
1754796060,0.24095,0.2422,0.24095,0.24196,0,0,0,0,0,0,0,0,0,0
1754796240,0.24196,0.24261,0.24118,0.24118,0,0,0,1,0,0,0,0,0,0
1754796420,0.24118,0.24212,0.24042,0.24211,0,0,0,0,0,1,0,0,0,0
1754796600,0.24211,0.24226,0.24146,0.24215,0,0,0,0,0,0,0,0,0,0
1754796780,0.24215,0.24215,0.24082,0.24115,0,0,0,0,0,0,0,0,0,0
1754796960,0.24115,0.2416,0.24106,0.24158,0,0,0,0,0,0,0,0,0,0
1754797140,0.24158,0.24222,0.24138,0.24204,0,0,0,0,0,0,0,0,0,0
1754797320,0.24204,0.24234,0.242,0.24226,0,0,0,0,1,0,0,0,0,0
1754797500,0.24226,0.2429,0.2422,0.24264,0,0,0,0,0,0,1,0,0,0
1754797680,0.24264,0.24283,0.24215,0.24278,0,0,0,0,0,0,1,0,0,0
1754797860,0.24278,0.2435,0.24268,0.24297,0,0,0,0,0,0,1,0,0,0
1754798040,0.24297,0.24304,0.24236,0.24253,0,0,0,0,0,0,0,0,0,0
1754798220,0.24253,0.24287,0.24225,0.24259,0,0,0,0,0,0,0,0,0,0
1754798400,0.24259,0.24271,0.24184,0.2419,0,0,0,0,0,0,0,0,0,0
1754798580,0.2419,0.24236,0.24185,0.24188,0,0,0,0,0,0,0,0,0,0
1754798760,0.24188,0.24188,0.24115,0.2414,0,0,0,0,0,0,0,0,0,0
1754798940,0.2414,0.24189,0.2414,0.24189,0,0,0,0,1,0,0,0,0,0
1754799120,0.24189,0.24259,0.24188,0.24243,0,0,0,0,0,0,0,0,0,0
1754799300,0.24243,0.24273,0.24192,0.24208,0,0,0,1,0,0,0,0,0,0
1754799480,0.24208,0.24271,0.24203,0.24271,0,0,0,0,0,0,0,0,0,0
1754799660,0.24271,0.24348,0.24257,0.2433,0,0,0,0,0,0,0,0,0,0
1754799840,0.2433,0.24343,0.24263,0.24277,0,0,0,0,0,1,0,0,0,0
1754800020,0.24277,0.24298,0.24259,0.24275,0,0,0,0,0,0,0,0,0,0
1754800200,0.24275,0.24279,0.24214,0.2424,0,0,0,0,0,0,0,0,0,0
1754800380,0.2424,0.24265,0.24219,0.24224,0,0,0,0,0,0,0,0,0,0
1754800560,0.24224,0.24229,0.24191,0.24221,0,0,0,0,0,0,0,0,0,0
1754800740,0.24221,0.24244,0.24207,0.2421,0,0,0,0,1,0,0,0,0,0
1754800920,0.2421,0.24234,0.24206,0.24231,0,0,0,0,0,0,0,0,0,0
1754801100,0.24231,0.24268,0.24216,0.24265,0,0,0,0,0,0,0,0,0,0
1754801280,0.24265,0.24299,0.24253,0.24259,0,0,0,1,0,0,0,0,0,0
1754801460,0.24259,0.24287,0.24259,0.24287,0,0,0,0,0,0,0,0,0,0
1754801640,0.24287,0.24294,0.2421,0.24217,0,0,0,0,0,1,0,0,0,0
1754801820,0.24217,0.24253,0.24217,0.24247,0,0,0,0,0,0,0,0,0,0
1754802000,0.24247,0.24257,0.24224,0.24232,0,0,0,0,0,0,0,0,0,0
1754802180,0.24232,0.24286,0.24216,0.24272,0,0,0,0,0,0,0,0,0,0
1754802360,0.24272,0.24277,0.24199,0.24213,0,0,0,0,1,0,0,0,0,0
1754802540,0.24213,0.24222,0.2413,0.24155,0,0,0,0,0,0,0,1,0,0
1754802720,0.24155,0.24194,0.24136,0.2415,0,0,0,0,0,0,0,1,0,0
1754802900,0.2415,0.24154,0.24083,0.24095,0,0,0,0,0,0,0,1,0,0
1754803080,0.24095,0.24134,0.24036,0.24051,0,0,0,0,0,0,0,1,0,0
1754803260,0.24051,0.24076,0.23994,0.24045,0,0,0,0,0,0,0,1,0,0
1754803440,0.24045,0.24051,0.24004,0.24026,0,0,0,0,0,0,0,1,0,0
1754803620,0.24026,0.24032,0.23895,0.23917,0,0,0,0,0,0,0,1,0,0
1754803800,0.23917,0.23949,0.23888,0.23939,0,1,0,0,0,0,0,1,0,0
1754803980,0.23939,0.23992,0.23927,0.23973,0,0,0,0,0,0,0,1,0,0
1754804160,0.23973,0.23988,0.23938,0.23943,0,0,0,0,0,0,0,1,0,0
1754804340,0.23943,0.23988,0.23935,0.23971,0,0,0,0,0,0,0,1,0,0
1754804520,0.23971,0.24009,0.23971,0.23997,0,0,0,0,0,0,0,1,0,0
1754804700,0.23997,0.24004,0.23934,0.23935,0,0,0,0,0,0,0,1,0,0
1754804880,0.23935,0.23936,0.2388,0.23888,0,0,0,0,0,0,0,1,0,0
1754805060,0.23888,0.23917,0.23782,0.23822,0,0,0,0,0,0,0,1,0,0
1754805240,0.23822,0.23862,0.23817,0.23826,0,0,0,0,0,0,0,1,0,0
1754805420,0.23826,0.23846,0.23798,0.238,0,0,0,0,0,0,0,1,0,0
1754805600,0.238,0.2383,0.23722,0.23763,0,0,0,0,0,0,0,1,0,0
1754805780,0.23763,0.23789,0.23726,0.23766,0,0,0,0,0,0,0,1,0,0
1754805960,0.23766,0.23794,0.23746,0.23782,0,0,0,0,0,0,0,1,0,0
1754806140,0.23782,0.23813,0.23774,0.23785,0,0,0,0,0,0,0,1,0,0
1754806320,0.23785,0.23788,0.2375,0.23753,0,0,0,0,0,0,0,1,0,0
1754806500,0.23753,0.23754,0.23646,0.23669,0,0,0,0,0,0,0,1,0,0
1754806680,0.23669,0.2368,0.23603,0.23661,0,0,0,0,0,0,0,1,0,0
1754806860,0.23661,0.23705,0.23599,0.23616,0,0,0,0,0,0,0,1,0,0
1754807040,0.23616,0.2363,0.23572,0.23612,0,0,0,0,0,0,0,1,0,0
1754807220,0.23612,0.23649,0.23612,0.23626,0,0,0,0,0,0,0,1,0,0
1754807400,0.23626,0.23668,0.23593,0.23668,0,0,0,0,0,0,0,1,0,0
1754807580,0.23668,0.23685,0.23654,0.23681,0,0,0,0,0,0,0,1,0,0
1754807760,0.23681,0.23707,0.23664,0.23691,0,0,0,0,0,0,0,1,0,0
1754807940,0.23691,0.2372,0.23684,0.23705,0,0,0,0,0,0,0,1,0,0
1754808120,0.23705,0.2371,0.23677,0.2369,0,0,0,0,0,1,0,0,0,0
1754808300,0.2369,0.23722,0.23673,0.23721,0,0,0,0,0,0,0,0,0,0
1754808480,0.23721,0.23734,0.23632,0.23678,0,0,0,1,0,0,0,0,0,0
1754808660,0.23678,0.23711,0.23654,0.23664,0,0,0,0,0,0,0,0,0,0
1754808840,0.23664,0.2368,0.23651,0.2368,0,0,0,0,0,0,0,0,0,0
1754809020,0.2368,0.23684,0.23644,0.23649,0,0,0,0,0,0,0,0,0,0
1754809200,0.23649,0.23692,0.23643,0.23692,0,0,0,0,0,0,0,0,0,0
1754809380,0.23692,0.23708,0.23673,0.23708,0,0,0,0,0,0,0,0,0,0
1754809560,0.23708,0.23728,0.23686,0.23694,0,0,0,1,1,0,0,0,0,0
1754809740,0.23694,0.237,0.2367,0.23689,0,0,0,0,0,0,0,0,0,0
1754809920,0.23689,0.23703,0.2366,0.23682,0,0,0,0,0,0,0,0,0,0
1754810100,0.23682,0.23684,0.23612,0.23637,0,0,0,0,0,0,0,0,0,0
1754810280,0.23637,0.23673,0.23632,0.23663,0,0,0,0,0,0,0,0,0,0
1754810460,0.23663,0.2369,0.23649,0.23677,0,0,0,0,0,0,0,0,0,0
1754810640,0.23677,0.23681,0.23587,0.2359,0,0,0,0,0,0,0,0,0,0
1754810820,0.2359,0.23614,0.23555,0.23561,0,0,0,0,0,0,0,1,0,0
1754811000,0.23561,0.23601,0.23552,0.23564,0,1,0,0,0,0,0,1,0,0
1754811180,0.23564,0.2357,0.23431,0.23478,0,0,0,0,0,0,0,1,0,0
1754811360,0.23478,0.23495,0.23292,0.23367,0,0,0,0,0,0,0,1,0,0
1754811540,0.23367,0.23397,0.23245,0.23299,0,0,0,0,0,0,0,1,0,0
1754811720,0.23299,0.2333,0.23168,0.23171,0,0,0,0,0,0,0,1,0,0
1754811900,0.23171,0.23328,0.23135,0.23302,0,1,0,0,0,0,0,1,0,0
1754812080,0.23302,0.23339,0.2328,0.23287,0,0,0,0,0,0,0,1,0,0
1754812260,0.23287,0.23311,0.23186,0.23214,0,0,0,0,0,0,0,1,0,0
1754812440,0.23214,0.23293,0.23214,0.23268,0,0,0,0,0,0,0,1,0,0
1754812620,0.23268,0.23277,0.23222,0.2324,0,0,0,0,0,0,0,1,0,0
1754812800,0.2324,0.23243,0.23065,0.2307,0,0,0,0,0,0,0,1,0,0
1754812980,0.2307,0.23085,0.22955,0.23049,0,0,0,0,0,0,0,1,0,0
1754813160,0.23049,0.23058,0.22932,0.23026,0,0,0,0,0,0,0,1,0,0
1754813340,0.23026,0.23089,0.22949,0.23065,0,0,0,0,0,0,0,1,0,0
1754813520,0.23065,0.23145,0.23048,0.23124,0,0,0,0,0,0,0,1,0,0
1754813700,0.23124,0.23233,0.23106,0.23199,0,0,0,0,0,0,0,1,0,0
1754813880,0.23199,0.23237,0.23194,0.23234,0,0,0,0,0,0,0,1,0,0
1754814060,0.23234,0.23267,0.23205,0.23262,0,0,0,0,0,0,0,1,0,0
1754814240,0.23262,0.23282,0.23256,0.23268,0,0,0,0,0,1,0,0,0,0
1754814420,0.23268,0.23286,0.23236,0.23286,0,0,0,0,0,0,0,0,0,0
1754814600,0.23286,0.23336,0.2328,0.23331,0,0,0,0,0,0,0,0,0,0
1754814780,0.23331,0.23378,0.233,0.23327,0,0,0,1,0,0,0,0,0,0
1754814960,0.23327,0.2335,0.23255,0.23255,0,0,0,0,0,0,0,0,0,0
1754815140,0.23255,0.23313,0.23255,0.23301,0,0,0,0,0,0,0,0,0,0
1754815320,0.23301,0.2332,0.23296,0.23308,0,0,0,0,0,0,0,0,0,0
1754815500,0.23308,0.2336,0.23303,0.23356,0,0,0,0,0,0,0,0,0,0
1754815680,0.23356,0.23422,0.23352,0.23405,0,0,0,0,0,0,0,0,0,0
1754815860,0.23405,0.2344,0.23394,0.2344,0,0,0,0,0,0,0,0,0,0
1754816040,0.2344,0.2345,0.2341,0.23414,0,0,0,1,0,0,0,0,0,0
1754816220,0.23414,0.23414,0.23366,0.23391,0,0,0,0,0,0,0,0,0,0
1754816400,0.23391,0.23449,0.23391,0.23444,0,0,0,0,0,0,0,0,0,0
1754816580,0.23444,0.23444,0.23362,0.2337,0,0,0,0,0,0,0,0,0,0
1754816760,0.2337,0.23393,0.23326,0.23354,0,0,0,0,0,0,0,0,0,0
1754816940,0.23354,0.23354,0.23307,0.23317,0,0,0,0,0,0,0,0,0,0
1754817120,0.23317,0.2334,0.23305,0.23316,0,0,0,0,1,0,0,0,0,0
1754817300,0.23316,0.2337,0.23305,0.2337,0,0,0,0,0,0,0,0,0,0
1754817480,0.2337,0.23407,0.23347,0.23351,0,0,0,0,0,0,0,0,0,0
1754817660,0.23351,0.23377,0.23342,0.23344,0,0,0,0,0,0,0,0,0,0
1754817840,0.23344,0.23352,0.23317,0.23337,0,0,0,0,0,0,0,0,0,0
1754818020,0.23337,0.23359,0.23335,0.23347,0,0,0,0,0,0,0,0,0,0
1754818200,0.23347,0.23401,0.23324,0.23384,0,0,0,0,0,0,0,0,0,0
1754818380,0.23384,0.23398,0.23368,0.23377,0,0,0,0,0,0,0,0,0,0
1754818560,0.23377,0.23407,0.23369,0.23372,0,0,0,1,0,0,0,0,0,0
1754818740,0.23372,0.23382,0.23343,0.23362,0,0,0,0,0,0,0,0,0,0
1754818920,0.23362,0.23383,0.23355,0.23357,0,0,0,0,0,0,0,0,0,0
1754819100,0.23357,0.23406,0.23357,0.23396,0,0,0,0,0,0,0,0,0,0
1754819280,0.23396,0.23423,0.23379,0.23401,0,0,0,0,0,0,0,0,0,0
1754819460,0.23401,0.23421,0.23385,0.23386,0,0,0,0,0,0,0,0,0,0
1754819640,0.23386,0.23386,0.23312,0.2333,0,0,0,0,0,0,0,0,0,0
1754819820,0.2333,0.23376,0.2333,0.23355,0,0,0,0,0,0,0,0,0,0
1754820000,0.23355,0.23358,0.23323,0.23331,0,0,0,0,0,0,0,0,0,0
1754820180,0.23331,0.23396,0.23331,0.23368,0,0,0,0,0,0,0,0,0,0
1754820360,0.23368,0.2337,0.2332,0.2332,0,0,0,0,1,0,0,0,0,0
1754820540,0.2332,0.23327,0.23279,0.23306,0,0,0,0,0,0,0,0,0,0
1754820720,0.23306,0.23307,0.23256,0.23257,0,0,0,0,0,0,0,0,0,0
1754820900,0.23257,0.23274,0.23221,0.23242,0,0,0,0,0,0,0,0,0,0
1754821080,0.23242,0.23302,0.23226,0.23296,0,0,0,0,0,0,0,0,0,0
1754821260,0.23296,0.23307,0.23223,0.23242,0,0,0,0,0,0,0,0,0,0
1754821440,0.23242,0.23243,0.23204,0.23228,0,0,0,0,0,0,0,0,0,0
1754821620,0.23228,0.23236,0.23178,0.23185,0,0,0,0,0,0,0,0,0,0
1754821800,0.23185,0.23225,0.23162,0.23201,0,1,0,0,0,0,0,0,0,0
1754821980,0.23201,0.23204,0.23081,0.23084,0,0,0,0,0,0,0,0,0,0
1754822160,0.23084,0.23149,0.23063,0.23148,0,1,0,0,0,0,0,0,0,0
1754822340,0.23148,0.2322,0.23144,0.23182,0,0,0,0,0,0,0,0,0,0
1754822520,0.23182,0.23254,0.23174,0.23243,0,0,0,0,0,0,0,0,0,0
1754822700,0.23243,0.23297,0.23242,0.23256,0,0,0,0,0,0,0,0,0,0
1754822880,0.23256,0.23282,0.2318,0.23188,0,0,0,0,0,0,0,0,0,0
1754823060,0.23188,0.23215,0.23146,0.23186,0,0,0,0,0,0,0,0,0,0
1754823240,0.23186,0.23189,0.23144,0.23171,0,0,0,0,0,1,0,0,0,0
1754823420,0.23171,0.2319,0.23147,0.2315,0,0,0,0,0,0,0,0,0,0
1754823600,0.2315,0.23184,0.2313,0.23154,0,1,0,0,0,0,0,0,0,0
1754823780,0.23154,0.23154,0.23104,0.23117,0,0,0,0,1,0,0,0,0,0
1754823960,0.23117,0.23149,0.23078,0.23081,0,0,0,0,0,0,0,0,0,0
1754824140,0.23081,0.23139,0.2308,0.23115,0,0,0,0,0,0,0,0,0,0
1754824320,0.23115,0.23149,0.23107,0.23137,0,0,0,0,0,0,0,0,0,0
1754824500,0.23137,0.23144,0.23087,0.23097,0,0,0,0,0,0,0,0,0,0
1754824680,0.23097,0.23178,0.23085,0.23178,0,0,0,0,0,0,0,0,0,0
1754824860,0.23178,0.23207,0.23157,0.23195,0,0,0,0,0,0,0,0,0,0
1754825040,0.23195,0.23223,0.23182,0.2322,0,0,0,0,0,1,0,0,0,0
1754825220,0.2322,0.23231,0.23196,0.23209,0,0,0,1,0,0,0,0,0,0
1754825400,0.23209,0.2321,0.23148,0.23183,0,0,0,0,0,0,0,0,0,0
1754825580,0.23183,0.232,0.23161,0.23167,0,0,0,0,0,0,0,0,0,0
1754825760,0.23167,0.232,0.23152,0.23155,0,0,0,0,0,0,0,0,0,0
1754825940,0.23155,0.23268,0.23116,0.23261,0,1,0,0,0,0,0,0,0,0
1754826120,0.23261,0.23263,0.23201,0.23205,0,0,0,0,0,0,0,0,0,0
1754826300,0.23205,0.23262,0.23204,0.23235,0,0,0,0,0,0,0,0,0,0
1754826480,0.23235,0.23238,0.23158,0.23174,0,0,0,0,0,0,0,0,0,0
1754826660,0.23174,0.23192,0.23132,0.23192,0,0,0,0,0,0,0,0,0,0
1754826840,0.23192,0.23195,0.23114,0.23144,0,0,0,0,0,0,0,0,0,0
1754827020,0.23144,0.2315,0.23088,0.23097,0,0,0,0,1,0,0,0,0,0
1754827200,0.23097,0.2313,0.2308,0.2311,0,1,0,0,0,0,0,0,0,0
1754827380,0.2311,0.23128,0.23089,0.23121,0,0,0,0,0,0,0,0,0,0
1754827560,0.23121,0.23173,0.23115,0.23162,0,0,0,0,0,0,0,0,0,0
1754827740,0.23162,0.23162,0.23118,0.23134,0,0,0,0,0,0,0,0,0,0
1754827920,0.23134,0.23135,0.23081,0.23109,0,0,0,0,0,0,0,0,0,0
1754828100,0.23109,0.23155,0.2308,0.23132,0,0,0,0,0,0,0,0,0,0
1754828280,0.23132,0.2316,0.23095,0.2311,0,0,0,0,0,0,0,0,0,0
1754828460,0.2311,0.2315,0.23108,0.2315,0,0,0,0,0,0,0,0,0,0
1754828640,0.2315,0.23174,0.23124,0.23136,0,0,0,1,0,0,0,0,0,0
1754828820,0.23136,0.23136,0.23106,0.2312,0,0,0,0,0,0,0,0,0,0
1754829000,0.2312,0.2315,0.23098,0.23112,0,0,0,0,0,0,0,0,0,0
1754829180,0.23112,0.23152,0.23098,0.23152,0,0,0,0,0,0,0,0,0,0
1754829360,0.23152,0.23201,0.23144,0.23199,0,0,0,0,0,0,0,0,0,0
1754829540,0.23199,0.23216,0.23172,0.23213,0,0,0,0,0,0,0,0,0,0
1754829720,0.23213,0.2323,0.23202,0.2321,0,0,0,1,0,0,0,0,0,0
1754829900,0.2321,0.23225,0.23173,0.23222,0,0,0,0,0,0,0,0,0,0
1754830080,0.23222,0.23245,0.23214,0.23234,0,0,0,0,0,0,0,0,0,0
1754830260,0.23234,0.23244,0.23176,0.23197,0,0,0,0,0,0,0,0,0,0
1754830440,0.23197,0.23199,0.23147,0.23178,0,0,0,0,0,0,0,0,0,0
1754830620,0.23178,0.2321,0.23175,0.232,0,0,0,0,0,0,0,0,0,0
1754830800,0.232,0.23233,0.23194,0.23227,0,0,0,0,0,0,0,0,0,0
1754830980,0.23227,0.23248,0.23213,0.23245,0,0,0,0,0,0,0,0,0,0
1754831160,0.23245,0.23284,0.23228,0.23281,0,0,0,0,0,0,1,0,0,0
1754831340,0.23281,0.23295,0.23256,0.23289,0,0,0,0,0,0,1,0,0,0
1754831520,0.23289,0.23306,0.23239,0.23245,0,0,0,1,0,0,0,0,0,0
1754831700,0.23245,0.23266,0.23194,0.2323,0,0,0,0,0,0,0,0,0,0
1754831880,0.2323,0.23231,0.2317,0.23212,0,0,0,0,0,0,0,0,0,0
1754832060,0.23212,0.23246,0.23193,0.23242,0,0,0,0,0,0,0,0,0,0
1754832240,0.23242,0.23253,0.23215,0.23248,0,0,0,0,0,0,0,0,0,0
1754832420,0.23248,0.23276,0.23235,0.23235,0,0,0,0,0,0,0,0,0,0
1754832600,0.23235,0.23241,0.23134,0.23146,0,0,0,0,1,0,0,0,0,0
1754832780,0.23146,0.23155,0.23084,0.23108,0,0,0,0,0,0,0,0,0,0
1754832960,0.23108,0.23114,0.23058,0.23089,0,0,0,0,0,0,0,0,0,0
1754833140,0.23089,0.23106,0.23052,0.2309,0,1,0,0,0,0,0,0,0,0
1754833320,0.2309,0.23111,0.23073,0.23101,0,0,0,0,0,0,0,0,0,0
1754833500,0.23101,0.23142,0.23076,0.2308,0,0,0,0,0,0,0,0,0,0
1754833680,0.2308,0.2313,0.23021,0.23115,0,1,0,0,0,0,0,0,0,0
1754833860,0.23115,0.23138,0.23092,0.2311,0,0,0,0,0,0,0,0,0,0
1754834040,0.2311,0.23122,0.23063,0.23063,0,0,0,0,0,0,0,1,0,0
1754834220,0.23063,0.23086,0.22989,0.23024,0,0,0,0,0,0,0,1,0,0
1754834400,0.23024,0.23033,0.22947,0.22991,0,0,0,0,0,0,0,1,0,0
1754834580,0.22991,0.23127,0.22991,0.23119,0,0,0,0,0,0,0,0,0,0
1754834760,0.23119,0.23135,0.23091,0.23116,0,0,0,0,0,0,0,0,0,0
1754834940,0.23116,0.2317,0.23116,0.2317,0,0,0,0,0,0,0,0,0,0
1754835120,0.2317,0.23192,0.23148,0.23173,0,0,0,0,0,0,0,0,0,0
1754835300,0.23173,0.23246,0.23147,0.2324,0,0,0,0,0,0,0,0,0,0
1754835480,0.2324,0.2324,0.23193,0.23233,0,0,0,0,0,1,0,0,0,0
1754835660,0.23233,0.2326,0.23198,0.23247,0,0,0,0,0,0,0,0,0,0
1754835840,0.23247,0.23282,0.23246,0.23281,0,0,0,0,0,0,0,0,0,0
1754836020,0.23281,0.23287,0.23249,0.23261,0,0,0,1,0,0,0,0,0,0
1754836200,0.23261,0.23329,0.23247,0.23316,0,0,0,0,0,0,1,0,0,0
1754836380,0.23316,0.2334,0.23299,0.23323,0,0,0,0,0,0,1,0,0,0
1754836560,0.23323,0.23399,0.23313,0.2339,0,0,0,0,0,0,1,0,0,0
1754836740,0.2339,0.23441,0.23327,0.2335,0,0,0,1,0,0,1,0,0,0
1754836920,0.2335,0.23409,0.23348,0.23388,0,0,0,0,0,0,1,0,0,0
1754837100,0.23388,0.23415,0.23303,0.23364,0,0,0,0,0,0,1,0,0,0
1754837280,0.23364,0.23373,0.23312,0.23358,0,0,0,0,0,0,1,0,0,0
1754837460,0.23358,0.23399,0.23346,0.23371,0,0,0,0,0,0,1,0,0,0
1754837640,0.23371,0.23377,0.23348,0.23359,0,0,0,0,0,0,1,0,0,0
1754837820,0.23359,0.23365,0.23348,0.23358,0,0,0,0,1,0,0,0,0,0
1754838000,0.23358,0.23373,0.23303,0.23303,0,0,0,0,0,0,0,0,0,0
1754838180,0.23303,0.2332,0.23284,0.23315,0,1,0,0,0,0,0,0,0,0
1754838360,0.23315,0.23387,0.23315,0.23383,0,0,0,0,0,0,0,0,0,0
1754838540,0.23383,0.2344,0.2335,0.23374,0,0,0,1,0,0,0,0,0,0
1754838720,0.23374,0.23442,0.2337,0.23439,0,0,0,0,0,0,0,0,0,0
1754838900,0.23439,0.23485,0.23366,0.23366,0,0,0,1,0,0,0,0,0,0
1754839080,0.23366,0.23399,0.23356,0.23365,0,0,0,0,0,0,0,0,0,0
1754839260,0.23365,0.23396,0.23316,0.23379,0,0,0,0,0,1,0,0,0,0
1754839440,0.23379,0.23426,0.23361,0.23414,0,0,0,0,0,0,0,0,0,0
1754839620,0.23414,0.23421,0.23367,0.23375,0,0,0,0,0,0,0,0,0,0
1754839800,0.23375,0.23398,0.23316,0.23321,0,0,0,0,0,0,0,0,0,0
1754839980,0.23321,0.2336,0.233,0.23308,0,0,0,0,1,0,0,0,0,0
1754840160,0.23308,0.23358,0.233,0.23355,0,0,0,0,0,0,0,0,0,0
1754840340,0.23355,0.23366,0.2332,0.23335,0,0,0,0,0,0,0,0,0,0
1754840520,0.23335,0.2335,0.23302,0.23303,0,0,0,0,0,0,0,0,0,0
1754840700,0.23303,0.2337,0.23266,0.23319,0,1,0,0,0,0,0,0,0,0
1754840880,0.23319,0.23319,0.23216,0.23242,0,0,0,0,0,0,0,1,0,0
1754841060,0.23242,0.23248,0.23148,0.23205,0,0,0,0,0,0,0,1,0,0
1754841240,0.23205,0.23235,0.23189,0.23229,0,0,0,0,0,0,0,1,0,0
1754841420,0.23229,0.23267,0.23215,0.23256,0,0,0,0,0,0,0,1,0,0
1754841600,0.23256,0.23264,0.23205,0.23205,0,0,0,0,0,0,0,1,0,0
1754841780,0.23205,0.2328,0.23205,0.23266,0,0,0,0,0,0,0,1,0,0
1754841960,0.23266,0.23366,0.2326,0.2336,0,0,0,0,0,0,0,0,0,0
1754842140,0.2336,0.234,0.23322,0.23339,0,0,0,1,0,1,0,0,0,0
1754842320,0.23339,0.23381,0.23322,0.23323,0,0,0,0,0,0,0,0,0,0
1754842500,0.23323,0.23356,0.23309,0.23323,0,0,0,0,0,0,0,0,0,0
1754842680,0.23323,0.234,0.23323,0.2337,0,0,0,0,0,0,0,0,0,0
1754842860,0.2337,0.23371,0.23337,0.23346,0,0,0,0,0,0,0,0,0,0
1754843040,0.23346,0.23357,0.2332,0.2335,0,0,0,0,0,0,0,0,0,0
1754843220,0.2335,0.2339,0.23344,0.23359,0,0,0,0,0,0,0,0,0,0
1754843400,0.23359,0.23413,0.23343,0.23399,0,0,0,0,0,0,0,0,0,0
1754843580,0.23399,0.23399,0.23356,0.23388,0,0,0,0,0,0,0,0,0,0
1754843760,0.23388,0.23416,0.23366,0.23384,0,0,0,1,0,0,0,0,0,0
1754843940,0.23384,0.23438,0.23377,0.23429,0,0,0,0,0,0,0,0,0,0
1754844120,0.23429,0.23473,0.23414,0.23418,0,0,0,1,0,0,0,0,0,0
1754844300,0.23418,0.23444,0.23393,0.23405,0,0,0,0,0,0,0,0,0,0
1754844480,0.23405,0.23437,0.23364,0.23371,0,0,0,0,0,0,0,0,0,0
1754844660,0.23371,0.2341,0.23366,0.23376,0,0,0,0,0,0,0,0,0,0
1754844840,0.23376,0.2342,0.2337,0.23401,0,0,0,0,0,0,0,0,0,0
1754845020,0.23401,0.23439,0.23401,0.23425,0,0,0,0,0,0,0,0,0,0
1754845200,0.23425,0.23435,0.23387,0.23396,0,0,0,0,1,0,0,0,0,0
1754845380,0.23396,0.23435,0.23382,0.23407,0,0,0,0,0,0,0,0,0,0
1754845560,0.23407,0.23421,0.23385,0.23416,0,0,0,0,0,0,0,0,0,0
1754845740,0.23416,0.23469,0.23409,0.23444,0,0,0,0,0,0,0,0,0,0
1754845920,0.23444,0.23456,0.23393,0.23394,0,0,0,0,0,0,0,0,0,0
1754846100,0.23394,0.23408,0.23328,0.23332,0,0,0,0,0,0,0,0,0,0
1754846280,0.23332,0.23393,0.23332,0.23371,0,0,0,0,0,0,0,0,0,0
1754846460,0.23371,0.23372,0.23314,0.23322,0,0,0,0,0,0,0,0,0,0
1754846640,0.23322,0.23323,0.23277,0.2332,0,0,0,0,0,0,0,0,0,0
1754846820,0.2332,0.23333,0.23293,0.23304,0,0,0,0,1,0,0,0,0,0
1754847000,0.23304,0.23349,0.23298,0.23345,0,0,0,0,0,0,0,0,0,0
1754847180,0.23345,0.23386,0.23335,0.23376,0,0,0,0,0,0,0,0,0,0
1754847360,0.23376,0.23392,0.23343,0.23368,0,0,0,1,0,0,0,0,0,0
1754847540,0.23368,0.23377,0.2334,0.23354,0,0,0,0,0,0,0,0,0,0
1754847720,0.23354,0.23367,0.23347,0.23355,0,0,0,0,0,1,0,0,0,0
1754847900,0.23355,0.23411,0.23345,0.23405,0,0,0,0,0,0,0,0,0,0
1754848080,0.23405,0.23414,0.23366,0.23373,0,0,0,1,0,0,0,0,0,0
1754848260,0.23373,0.23389,0.23357,0.23358,0,0,0,0,0,0,0,0,0,0
1754848440,0.23358,0.23369,0.2334,0.23352,0,0,0,0,0,0,0,0,0,0
1754848620,0.23352,0.23375,0.23352,0.23364,0,0,0,0,0,0,0,0,0,0
1754848800,0.23364,0.23394,0.23363,0.23378,0,0,0,0,0,0,0,0,0,0
1754848980,0.23378,0.23428,0.23354,0.23424,0,0,0,0,0,0,0,0,0,0
1754849160,0.23424,0.23444,0.23408,0.2343,0,0,0,0,0,0,0,0,0,0
1754849340,0.2343,0.23448,0.2341,0.23429,0,0,0,1,0,0,0,0,0,0
1754849520,0.23429,0.23461,0.23421,0.23421,0,0,0,1,0,0,0,0,0,0
1754849700,0.23421,0.23428,0.23395,0.23401,0,0,0,0,0,0,0,0,0,0
1754849880,0.23401,0.23421,0.23397,0.23415,0,0,0,0,0,0,0,0,0,0
1754850060,0.23415,0.23419,0.23388,0.2339,0,0,0,0,0,0,0,0,0,0
1754850240,0.2339,0.23414,0.23377,0.23412,0,1,0,0,0,0,0,0,0,0
1754850420,0.23412,0.23412,0.23376,0.23385,0,0,0,0,0,0,0,0,0,0
1754850600,0.23385,0.23397,0.23364,0.23395,0,1,0,0,1,0,0,0,0,0
1754850780,0.23395,0.23411,0.23394,0.23405,0,0,0,0,0,0,0,0,0,0
1754850960,0.23405,0.23424,0.23392,0.2341,0,0,0,0,0,0,0,0,0,0
1754851140,0.2341,0.23429,0.23401,0.23428,0,0,0,0,0,0,0,0,0,0
1754851320,0.23428,0.23442,0.23401,0.23402,0,0,0,1,0,0,0,0,0,0
1754851500,0.23402,0.2341,0.23374,0.23394,0,0,0,0,0,0,0,0,0,0
1754851680,0.23394,0.23416,0.23391,0.23415,0,0,0,0,0,1,0,0,0,0
1754851860,0.23415,0.23445,0.23414,0.23426,0,0,0,0,0,0,0,0,0,0
1754852040,0.23426,0.23426,0.234,0.2342,0,0,0,0,0,0,0,0,0,0
1754852220,0.2342,0.23443,0.23415,0.2344,0,0,0,0,0,0,0,0,0,0
1754852400,0.2344,0.23442,0.23404,0.23424,0,0,0,0,0,0,0,0,0,0
1754852580,0.23424,0.23428,0.23401,0.23424,0,0,0,0,0,0,0,0,0,0
1754852760,0.23424,0.23478,0.23421,0.23477,0,0,0,0,0,0,1,0,0,0
1754852940,0.23477,0.23528,0.23475,0.23524,0,0,0,0,0,0,1,0,0,0
1754853120,0.23524,0.23526,0.23495,0.23514,0,0,0,0,0,0,1,0,0,0
1754853300,0.23514,0.2354,0.23493,0.23498,0,0,0,1,0,0,1,0,0,0
1754853480,0.23498,0.23503,0.23467,0.2347,0,0,0,0,0,0,1,0,0,0
1754853660,0.2347,0.23472,0.23442,0.23464,0,0,0,0,0,0,1,0,0,0
1754853840,0.23464,0.23482,0.23457,0.23474,0,0,0,0,0,0,1,0,0,0
1754854020,0.23474,0.23477,0.23461,0.23461,0,0,0,0,0,0,0,0,0,0
1754854200,0.23461,0.23503,0.23458,0.23495,0,0,0,0,0,0,1,0,0,0
1754854380,0.23495,0.23512,0.23487,0.23499,0,0,0,0,1,0,0,0,0,0
1754854560,0.23499,0.2353,0.23491,0.2353,0,0,0,0,0,0,0,0,0,0
1754854740,0.2353,0.2355,0.23502,0.23518,0,0,0,1,0,0,0,0,0,0
1754854920,0.23518,0.2353,0.23502,0.23503,0,0,0,0,0,0,0,0,0,0
1754855100,0.23503,0.23507,0.23485,0.23498,0,0,0,0,0,0,0,0,0,0
1754855280,0.23498,0.23534,0.23495,0.23498,0,0,0,0,0,0,0,0,0,0
1754855460,0.23498,0.23528,0.23488,0.23521,0,0,0,0,0,0,0,0,0,0
1754855640,0.23521,0.23535,0.23511,0.23535,0,0,0,0,0,0,0,0,0,0
1754855820,0.23535,0.23541,0.23489,0.2349,0,0,0,1,1,0,0,0,0,0
1754856000,0.2349,0.2351,0.23466,0.23476,0,0,0,0,0,0,0,0,0,0
1754856180,0.23476,0.23504,0.23476,0.23492,0,0,0,0,0,0,0,0,0,0
1754856360,0.23492,0.235,0.23476,0.2348,0,0,0,0,0,0,0,0,0,0
1754856540,0.2348,0.23488,0.23384,0.23385,0,0,0,0,0,0,0,0,0,0
1754856720,0.23385,0.23388,0.23302,0.23375,0,0,0,0,0,0,0,0,0,0
1754856900,0.23375,0.23407,0.23358,0.23383,0,0,0,0,0,0,0,0,0,0
1754857080,0.23383,0.23389,0.23314,0.23336,0,0,0,0,0,0,0,1,0,0
1754857260,0.23336,0.23365,0.23249,0.23284,0,0,0,0,0,0,0,1,0,0
1754857440,0.23284,0.23362,0.23244,0.23354,0,1,0,0,0,0,0,1,0,0
1754857620,0.23354,0.23354,0.23281,0.23307,0,0,0,0,0,0,0,1,0,0
1754857800,0.23307,0.23336,0.23275,0.23275,0,0,0,0,0,0,0,1,0,0
1754857980,0.23275,0.23318,0.23268,0.23318,0,0,0,0,0,0,0,1,0,0
1754858160,0.23318,0.23347,0.23306,0.23338,0,0,0,0,0,0,0,1,0,0
1754858340,0.23338,0.23404,0.23333,0.23402,0,0,0,0,0,0,0,0,0,0
1754858520,0.23402,0.23457,0.23396,0.2343,0,0,0,0,0,1,0,0,0,0
1754858700,0.2343,0.23436,0.23383,0.23432,0,0,0,0,0,0,0,0,0,0
1754858880,0.23432,0.23442,0.23406,0.23406,0,0,0,0,0,0,0,0,0,0
1754859060,0.23406,0.23443,0.23406,0.23436,0,0,0,0,0,0,0,0,0,0
1754859240,0.23436,0.23443,0.23412,0.23424,0,0,0,0,0,0,0,0,0,0
1754859420,0.23424,0.23429,0.23356,0.23366,0,0,0,0,0,0,0,0,0,0
1754859600,0.23366,0.23373,0.23243,0.2325,0,0,0,0,1,0,0,0,0,0
1754859780,0.2325,0.23257,0.2314,0.232,0,0,0,0,0,0,0,1,0,0
1754859960,0.232,0.23308,0.23199,0.23308,0,0,0,0,0,0,0,0,0,0
1754860140,0.23308,0.23312,0.23253,0.23267,0,0,0,0,0,0,0,0,0,0
1754860320,0.23267,0.23289,0.23239,0.23268,0,0,0,0,0,0,0,0,0,0
1754860500,0.23268,0.23287,0.23244,0.23274,0,0,0,0,0,0,0,0,0,0
1754860680,0.23274,0.23309,0.23258,0.23308,0,0,0,0,0,0,0,0,0,0
1754860860,0.23308,0.23325,0.23293,0.23304,0,0,0,1,0,1,0,0,0,0
1754861040,0.23304,0.23305,0.2322,0.23228,0,0,0,0,0,0,0,0,0,0
1754861220,0.23228,0.23259,0.23173,0.23189,0,0,0,0,0,0,0,0,0,0
1754861400,0.23189,0.23198,0.23154,0.23192,0,1,0,0,0,0,0,0,0,0
1754861580,0.23192,0.23195,0.23121,0.23126,0,0,0,0,0,0,0,1,0,0
1754861760,0.23126,0.23129,0.23091,0.23108,0,0,0,0,0,0,0,1,0,0
1754861940,0.23108,0.23152,0.23106,0.23134,0,0,0,0,1,0,0,1,0,0
1754862120,0.23134,0.23153,0.23123,0.23137,0,0,0,0,0,0,0,1,0,0
1754862300,0.23137,0.23212,0.23133,0.23203,0,0,0,0,0,0,0,0,0,0
1754862480,0.23203,0.23256,0.2319,0.23239,0,0,0,0,0,0,0,0,0,0
1754862660,0.23239,0.23249,0.2323,0.23237,0,0,0,0,0,0,0,0,0,0
1754862840,0.23237,0.2327,0.23227,0.2327,0,0,0,0,0,1,0,0,0,0
1754863020,0.2327,0.23301,0.2327,0.23301,0,0,0,0,0,0,0,0,0,0
1754863200,0.23301,0.23312,0.2322,0.23263,0,0,0,1,0,0,0,0,0,0
1754863380,0.23263,0.23275,0.23207,0.23219,0,0,0,0,0,0,0,0,0,0
1754863560,0.23219,0.23282,0.23219,0.23278,0,0,0,0,0,0,0,0,0,0
1754863740,0.23278,0.23278,0.23203,0.2325,0,0,0,0,0,0,0,0,0,0
1754863920,0.2325,0.23269,0.23234,0.2326,0,0,0,0,0,0,0,0,0,0
1754864100,0.2326,0.23306,0.23255,0.23291,0,0,0,0,0,0,0,0,0,0
1754864280,0.23291,0.23371,0.23284,0.2336,0,0,0,0,0,0,1,0,0,0
1754864460,0.2336,0.23388,0.23331,0.23361,0,0,0,0,0,0,1,0,0,0
1754864640,0.23361,0.23366,0.23316,0.2333,0,0,0,0,0,0,1,0,0,0
1754864820,0.2333,0.23344,0.23319,0.23327,0,0,0,0,0,1,1,0,0,0
1754865000,0.23327,0.23361,0.23327,0.23348,0,0,0,0,0,0,1,0,0,0
1754865180,0.23348,0.2338,0.23344,0.2338,0,0,0,0,0,0,1,0,0,0
1754865360,0.2338,0.2338,0.23346,0.23358,0,0,0,0,0,0,1,0,0,0
1754865540,0.23358,0.23358,0.23328,0.2335,0,0,0,0,1,0,0,0,0,0
1754865720,0.2335,0.23363,0.2334,0.23355,0,0,0,0,0,0,0,0,0,0
1754865900,0.23355,0.2336,0.23327,0.2334,0,0,0,0,0,0,0,0,0,0
1754866080,0.2334,0.23343,0.2329,0.2331,0,0,0,0,0,0,0,0,0,0
1754866260,0.2331,0.23325,0.233,0.23322,0,0,0,0,0,0,0,0,0,0
1754866440,0.23322,0.23324,0.23301,0.23301,0,0,0,0,0,0,0,0,0,0
1754866620,0.23301,0.23373,0.233,0.23373,0,0,0,0,0,0,0,0,0,0
1754866800,0.23373,0.234,0.23351,0.23378,0,0,0,0,0,0,0,0,0,0
1754866980,0.23378,0.2344,0.23378,0.23395,0,0,0,0,0,0,1,0,0,0
1754867160,0.23395,0.23414,0.23364,0.23382,0,0,0,0,0,1,0,0,0,0
1754867340,0.23382,0.23391,0.23351,0.23361,0,0,0,0,0,0,0,0,0,0
1754867520,0.23361,0.23374,0.23331,0.23332,0,0,0,0,0,0,0,0,0,0
1754867700,0.23332,0.23344,0.23295,0.23299,0,0,0,0,0,0,0,0,0,0
1754867880,0.23299,0.23314,0.23256,0.23281,0,0,0,0,0,0,0,1,0,0
1754868060,0.23281,0.23287,0.23242,0.23279,0,0,0,0,1,0,0,1,0,0
1754868240,0.23279,0.23285,0.23263,0.23272,0,0,0,0,0,0,0,1,0,0
1754868420,0.23272,0.23328,0.23272,0.23325,0,0,0,0,0,0,0,0,0,0
1754868600,0.23325,0.23344,0.23318,0.2334,0,0,0,0,0,0,0,0,0,0
1754868780,0.2334,0.23365,0.2332,0.23333,0,0,0,1,0,0,0,0,0,0
1754868960,0.23333,0.23345,0.2332,0.23335,0,0,0,0,0,0,0,0,0,0
1754869140,0.23335,0.23377,0.23327,0.23372,0,0,0,0,0,1,0,0,0,0
1754869320,0.23372,0.23389,0.23362,0.2338,0,0,0,0,0,0,0,0,0,0
1754869500,0.2338,0.23418,0.23373,0.2338,0,0,0,0,0,0,0,0,0,0
1754869680,0.2338,0.23404,0.23378,0.23395,0,0,0,0,0,0,0,0,0,0
1754869860,0.23395,0.23415,0.23393,0.23409,0,0,0,0,0,0,0,0,0,0
1754870040,0.23409,0.23415,0.23392,0.234,0,0,0,0,0,0,0,0,0,0
1754870220,0.234,0.23404,0.23371,0.23379,0,0,0,0,0,0,0,0,0,0
1754870400,0.23379,0.23384,0.23322,0.23355,0,0,0,0,0,0,0,0,0,0
1754870580,0.23355,0.23355,0.233,0.23304,0,0,0,0,1,0,0,0,0,0
1754870760,0.23304,0.23312,0.23283,0.23302,0,0,0,0,0,0,0,0,0,0
1754870940,0.23302,0.23303,0.23212,0.23258,0,0,0,0,0,0,0,0,0,0
1754871120,0.23258,0.23309,0.23241,0.23294,0,0,0,0,0,0,0,0,0,0
1754871300,0.23294,0.23374,0.23287,0.2335,0,0,0,0,0,0,0,0,0,0
1754871480,0.2335,0.23386,0.23333,0.23381,0,0,0,0,0,0,0,0,0,0
1754871660,0.23381,0.23403,0.2335,0.23381,0,0,0,0,0,0,0,0,0,0
1754871840,0.23381,0.23427,0.23364,0.2342,0,0,0,0,0,0,1,0,0,0
1754872020,0.2342,0.23458,0.2342,0.23456,0,0,0,0,0,1,1,0,0,0
1754872200,0.23456,0.23482,0.23416,0.23464,0,0,0,0,0,0,1,0,0,0
1754872380,0.23464,0.23464,0.23369,0.23416,0,0,0,0,0,0,0,0,0,0
1754872560,0.23416,0.23426,0.23332,0.23362,0,0,0,0,0,0,0,0,0,0
1754872740,0.23362,0.23388,0.23349,0.23364,0,0,0,0,0,0,0,0,0,0
1754872920,0.23364,0.23373,0.23337,0.23347,0,0,0,0,0,0,0,0,0,0
1754873100,0.23347,0.2335,0.23295,0.23302,0,0,0,0,0,0,0,0,0,0
1754873280,0.23302,0.23337,0.2328,0.23337,0,1,0,0,1,0,0,0,0,0
1754873460,0.23337,0.23411,0.23337,0.2337,0,0,0,0,0,0,0,0,0,0
1754873640,0.2337,0.23383,0.23352,0.23352,0,0,0,0,0,0,0,0,0,0
1754873820,0.23352,0.23364,0.23299,0.233,0,0,0,0,0,0,0,0,0,0
1754874000,0.233,0.23303,0.23261,0.23279,0,0,0,0,0,0,0,0,0,0
1754874180,0.23279,0.23336,0.2327,0.23311,0,0,0,0,0,0,0,0,0,0
1754874360,0.23311,0.23344,0.23291,0.23305,0,0,0,0,0,0,0,0,0,0
1754874540,0.23305,0.23354,0.2328,0.23354,0,0,0,0,0,0,0,0,0,0
1754874720,0.23354,0.23435,0.23354,0.2341,0,0,0,0,0,0,0,0,0,0
1754874900,0.2341,0.23436,0.23395,0.23401,0,0,0,1,0,0,0,0,0,0
1754875080,0.23401,0.23448,0.23387,0.23404,0,0,0,0,0,1,0,0,0,0
1754875260,0.23404,0.23425,0.23367,0.23417,0,0,0,0,0,0,0,0,0,0
1754875440,0.23417,0.23506,0.23408,0.23498,0,0,0,0,0,0,1,0,0,0
1754875620,0.23498,0.23545,0.23494,0.23529,0,0,0,0,0,0,1,0,0,0
1754875800,0.23529,0.23647,0.23522,0.23644,0,0,0,0,0,0,1,0,0,0
1754875980,0.23644,0.23658,0.23605,0.23634,0,0,0,1,0,0,1,0,0,0
1754876160,0.23634,0.23635,0.23572,0.23605,0,0,0,0,0,0,1,0,0,0
1754876340,0.23605,0.23656,0.23604,0.23639,0,0,0,0,0,0,1,0,0,0
1754876520,0.23639,0.23639,0.23595,0.2361,0,0,0,0,0,0,1,0,0,0
1754876700,0.2361,0.23612,0.23531,0.23571,0,0,0,0,0,0,1,0,0,0
1754876880,0.23571,0.23614,0.23569,0.23611,0,0,0,0,0,0,1,0,0,0
1754877060,0.23611,0.23611,0.23548,0.23567,0,0,0,0,1,0,0,0,0,0
1754877240,0.23567,0.23589,0.23534,0.23566,0,0,0,0,0,0,0,0,0,0
1754877420,0.23566,0.23604,0.23566,0.23604,0,0,0,0,0,0,0,0,0,0
1754877600,0.23604,0.2379,0.23586,0.23758,0,0,0,0,0,0,1,0,0,0
1754877780,0.23758,0.23781,0.23694,0.23767,0,0,0,0,0,0,1,0,0,0
1754877960,0.23767,0.23835,0.23753,0.23795,0,0,0,0,0,0,1,0,0,0
1754878140,0.23795,0.23799,0.23742,0.23797,0,0,0,0,0,0,1,0,0,0
1754878320,0.23797,0.23863,0.23797,0.2385,0,0,0,0,0,0,1,0,0,0
1754878500,0.2385,0.23936,0.23806,0.23902,0,0,0,0,0,0,1,0,0,0
1754878680,0.23902,0.23929,0.23865,0.23913,0,0,0,0,0,0,1,0,0,0
1754878860,0.23913,0.23925,0.23809,0.23896,0,0,0,0,0,0,1,0,0,0
1754879040,0.23896,0.23936,0.23804,0.23805,0,0,0,0,0,0,1,0,0,0
1754879220,0.23805,0.23895,0.23791,0.23884,0,1,0,0,0,0,1,0,0,0
1754879400,0.23884,0.23891,0.2383,0.23879,0,0,0,0,0,0,1,0,0,0
1754879580,0.23879,0.2399,0.23839,0.23989,0,0,0,0,0,0,1,0,0,0
1754879760,0.23989,0.24045,0.23958,0.24004,0,0,0,0,0,0,1,0,0,0
1754879940,0.24004,0.24098,0.24004,0.2408,0,0,0,0,0,0,1,0,0,0
1754880120,0.2408,0.24102,0.24041,0.24072,0,0,0,1,0,0,1,0,0,0
1754880300,0.24072,0.24078,0.23999,0.24078,0,0,0,0,0,0,1,0,0,0
1754880480,0.24078,0.24112,0.24059,0.24082,0,0,0,0,0,0,1,0,0,0
1754880660,0.24082,0.2417,0.24082,0.24155,0,0,0,0,0,0,1,0,0,0
1754880840,0.24155,0.24188,0.2411,0.2411,0,0,0,1,0,0,1,0,0,0
1754881020,0.2411,0.24121,0.24038,0.24045,0,0,0,0,0,0,1,0,0,0
1754881200,0.24045,0.24058,0.23962,0.23962,0,0,0,0,0,0,1,0,0,0
1754881380,0.23962,0.23968,0.23854,0.2386,0,0,0,0,0,0,1,0,0,0
1754881560,0.2386,0.23929,0.23844,0.2392,0,1,0,0,0,0,1,0,0,0
1754881740,0.2392,0.23947,0.23901,0.23938,0,0,0,0,0,0,1,0,0,0
1754881920,0.23938,0.23956,0.23925,0.23931,0,0,0,0,1,0,0,0,0,0
1754882100,0.23931,0.24026,0.23889,0.23941,0,0,0,0,0,0,0,0,0,0
1754882280,0.23941,0.23952,0.23898,0.23909,0,0,0,0,0,0,0,0,0,0
1754882460,0.23909,0.23912,0.23787,0.23893,0,0,0,0,0,0,0,0,0,0
1754882640,0.23893,0.23894,0.2383,0.23861,0,0,0,0,0,0,0,0,0,0
1754882820,0.23861,0.23881,0.23842,0.23848,0,0,0,0,0,0,0,0,0,0
1754883000,0.23848,0.2388,0.23796,0.23879,0,0,0,0,0,0,0,0,0,0
1754883180,0.23879,0.23932,0.23865,0.23924,0,0,0,0,0,0,0,0,0,0
1754883360,0.23924,0.23924,0.2384,0.23852,0,0,0,0,0,0,0,0,0,0
1754883540,0.23852,0.23878,0.23819,0.23865,0,0,0,0,0,1,0,0,0,0
1754883720,0.23865,0.2387,0.23814,0.23822,0,0,0,0,0,0,0,0,0,0
1754883900,0.23822,0.2385,0.23806,0.23821,0,0,0,0,0,0,0,0,0,0
1754884080,0.23821,0.23921,0.23806,0.23908,0,0,0,0,0,0,0,0,0,0
1754884260,0.23908,0.23948,0.23902,0.23922,0,0,0,0,0,0,0,0,0,0
1754884440,0.23922,0.23922,0.23877,0.23893,0,0,0,0,0,0,0,0,0,0
1754884620,0.23893,0.23927,0.23891,0.23926,0,0,0,0,0,0,0,0,0,0
1754884800,0.23926,0.23975,0.23915,0.23975,0,0,0,0,0,0,0,0,0,0
1754884980,0.23975,0.24028,0.23953,0.24022,0,0,0,0,0,0,0,0,0,0
1754885160,0.24022,0.24022,0.23953,0.23982,0,0,0,0,0,0,0,0,0,0
1754885340,0.23982,0.2403,0.2398,0.24026,0,0,0,0,0,0,0,0,0,0
1754885520,0.24026,0.24124,0.24021,0.24068,0,0,0,0,0,0,0,0,0,0
1754885700,0.24068,0.241,0.24038,0.24054,0,0,0,0,0,0,0,0,0,0
1754885880,0.24054,0.24091,0.24053,0.2407,0,0,0,0,0,0,0,0,0,0
1754886060,0.2407,0.24089,0.24039,0.24049,0,0,0,0,0,0,0,0,0,0
1754886240,0.24049,0.2407,0.24018,0.24068,0,0,0,0,0,0,0,0,0,0
1754886420,0.24068,0.24068,0.23996,0.23996,0,0,0,0,0,0,0,0,0,0
1754886600,0.23996,0.2401,0.23961,0.2397,0,0,0,0,1,0,0,0,0,0
1754886780,0.2397,0.24003,0.23966,0.23982,0,0,0,0,0,0,0,0,0,0
1754886960,0.23982,0.23985,0.23912,0.23971,0,0,0,0,0,0,0,0,0,0
1754887140,0.23971,0.24018,0.2397,0.24011,0,0,0,0,0,0,0,0,0,0
1754887320,0.24011,0.24017,0.2398,0.23982,0,0,0,0,0,0,0,0,0,0
1754887500,0.23982,0.24039,0.23968,0.24034,0,0,0,0,0,0,0,0,0,0
1754887680,0.24034,0.24034,0.23995,0.24008,0,0,0,0,0,0,0,0,0,0
1754887860,0.24008,0.24029,0.23943,0.23943,0,0,0,0,0,0,0,0,0,0
1754888040,0.23943,0.23952,0.23893,0.23931,0,0,0,0,0,0,0,0,0,0
1754888220,0.23931,0.23987,0.23916,0.23917,0,0,0,0,0,0,0,0,0,0
1754888400,0.23917,0.23984,0.23892,0.23976,0,1,0,0,0,0,0,0,0,0
1754888580,0.23976,0.24023,0.23963,0.24013,0,0,0,0,0,0,0,0,0,0
1754888760,0.24013,0.24021,0.23981,0.23991,0,0,0,0,0,0,0,0,0,0
1754888940,0.23991,0.24023,0.23976,0.2398,0,0,0,0,0,0,0,0,0,0
1754889120,0.2398,0.24051,0.23964,0.24033,0,0,0,0,0,0,0,0,0,0
1754889300,0.24033,0.24042,0.23997,0.24042,0,0,0,0,0,0,0,0,0,0
1754889480,0.24042,0.24043,0.23952,0.23979,0,0,0,0,0,1,0,0,0,0
1754889660,0.23979,0.23981,0.23908,0.23929,0,0,0,0,0,0,0,0,0,0
1754889840,0.23929,0.23942,0.23891,0.23923,0,0,0,0,0,0,0,0,0,0
1754890020,0.23923,0.23935,0.23911,0.23912,0,0,0,0,0,0,0,0,0,0
1754890200,0.23912,0.23917,0.23864,0.23908,0,0,0,0,1,0,0,0,0,0
1754890380,0.23908,0.2394,0.23884,0.2389,0,0,0,0,0,0,0,1,0,0
1754890560,0.2389,0.23916,0.23859,0.23864,0,0,0,0,0,0,0,1,0,0
1754890740,0.23864,0.23887,0.23854,0.23878,0,1,0,0,0,0,0,1,0,0
1754890920,0.23878,0.23886,0.23818,0.23841,0,0,0,0,0,0,0,1,0,0
1754891100,0.23841,0.23847,0.23791,0.23794,0,0,0,0,0,0,0,1,0,0
1754891280,0.23794,0.23811,0.23746,0.23804,0,1,0,0,0,0,0,1,0,0
1754891460,0.23804,0.23832,0.23788,0.23803,0,0,0,0,0,0,0,1,0,0
1754891640,0.23803,0.23846,0.23801,0.23803,0,0,0,0,0,0,0,1,0,0
1754891820,0.23803,0.23834,0.23773,0.23826,0,0,0,0,0,0,0,1,0,0
1754892000,0.23826,0.23895,0.23819,0.2388,0,0,0,0,0,0,0,1,0,0
1754892180,0.2388,0.23898,0.23836,0.23852,0,0,0,1,0,0,0,1,0,0
1754892360,0.23852,0.23854,0.23796,0.23816,0,0,0,0,0,1,0,0,0,0
1754892540,0.23816,0.23816,0.23767,0.23781,0,0,0,0,0,0,0,0,0,0
1754892720,0.23781,0.23802,0.23776,0.23791,0,0,0,0,0,0,0,0,0,0
1754892900,0.23791,0.23805,0.23709,0.23719,0,0,0,0,0,0,0,1,0,0
1754893080,0.23719,0.23795,0.23681,0.23794,0,1,0,0,0,0,0,0,0,0
1754893260,0.23794,0.23871,0.23785,0.23812,0,0,0,0,1,0,0,0,0,0
1754893440,0.23812,0.23841,0.23806,0.23831,0,0,0,0,0,0,0,0,0,0
1754893620,0.23831,0.23839,0.23804,0.23811,0,0,0,0,0,0,0,0,0,0
1754893800,0.23811,0.23849,0.23776,0.23843,0,0,0,0,0,0,0,0,0,0
1754893980,0.23843,0.23853,0.23824,0.23836,0,0,0,0,0,0,0,0,0,0
1754894160,0.23836,0.23836,0.2378,0.2378,0,0,0,0,0,1,0,0,0,0
1754894340,0.2378,0.238,0.2376,0.23791,0,1,0,0,0,0,0,0,0,0
1754894520,0.23791,0.23808,0.23761,0.23808,0,0,0,0,0,0,0,0,0,0
1754894700,0.23808,0.2387,0.23805,0.23839,0,0,0,0,0,0,0,0,0,0
1754894880,0.23839,0.23839,0.23762,0.23776,0,0,0,0,0,0,0,0,0,0
1754895060,0.23776,0.23831,0.23776,0.2383,0,0,0,0,0,0,0,0,0,0
1754895240,0.2383,0.23873,0.23827,0.23849,0,0,0,0,0,0,0,0,0,0
1754895420,0.23849,0.23876,0.23829,0.23874,0,0,0,0,0,1,0,0,0,0
1754895600,0.23874,0.23883,0.2382,0.2386,0,0,0,1,0,0,0,0,0,0
1754895780,0.2386,0.23865,0.23815,0.23817,0,0,0,0,0,0,0,0,0,0
1754895960,0.23817,0.23866,0.23788,0.23864,0,0,0,0,0,0,0,0,0,0
1754896140,0.23864,0.23864,0.23803,0.23836,0,0,0,0,0,0,0,0,0,0
1754896320,0.23836,0.23848,0.23766,0.2377,0,0,0,0,0,0,0,0,0,0
1754896500,0.2377,0.23774,0.23712,0.23726,0,0,0,0,0,0,0,1,0,0
1754896680,0.23726,0.2374,0.23682,0.23709,0,0,0,0,1,0,0,1,0,0
1754896860,0.23709,0.23713,0.23596,0.23617,0,0,0,0,0,0,0,1,0,0
1754897040,0.23617,0.23636,0.23585,0.236,0,0,0,0,0,0,0,1,0,0
1754897220,0.236,0.23608,0.23556,0.2358,0,0,0,0,0,0,0,1,0,0
1754897400,0.2358,0.23593,0.23457,0.23481,0,0,0,0,0,0,0,1,0,0
1754897580,0.23481,0.23535,0.23447,0.23531,0,1,0,0,0,0,0,1,0,0
1754897760,0.23531,0.23531,0.2346,0.23467,0,0,0,0,0,0,0,1,0,0
1754897940,0.23467,0.23481,0.23423,0.23478,0,1,0,0,0,0,0,1,0,0
1754898120,0.23478,0.23523,0.23467,0.23515,0,0,0,0,0,0,0,1,0,0
1754898300,0.23515,0.23515,0.23386,0.23412,0,0,0,0,0,0,0,1,0,0
1754898480,0.23412,0.23412,0.23342,0.23363,0,0,0,0,0,0,0,1,0,0
1754898660,0.23363,0.23417,0.23336,0.23412,0,1,0,0,0,0,0,1,0,0
1754898840,0.23412,0.23412,0.23353,0.23367,0,0,0,0,0,0,0,1,0,0
1754899020,0.23367,0.23377,0.23312,0.23336,0,0,0,0,0,0,0,1,0,0
1754899200,0.23336,0.23356,0.23277,0.2329,0,0,0,0,0,0,0,1,0,0
1754899380,0.2329,0.23295,0.2317,0.23212,0,0,0,0,0,0,0,1,0,0
1754899560,0.23212,0.23259,0.23208,0.23239,0,0,0,0,0,0,0,1,0,0
1754899740,0.23239,0.23346,0.23217,0.23329,0,0,0,0,0,0,0,1,0,0
1754899920,0.23329,0.23405,0.23329,0.23405,0,0,0,0,0,0,0,1,0,0
1754900100,0.23405,0.23449,0.23382,0.23435,0,0,0,0,0,0,0,1,0,0
1754900280,0.23435,0.23508,0.23435,0.23487,0,0,0,0,0,0,0,1,0,0
1754900460,0.23487,0.23528,0.23458,0.23485,0,0,0,1,0,1,0,0,0,0
1754900640,0.23485,0.23519,0.23478,0.23489,0,0,0,0,0,0,0,0,0,0
1754900820,0.23489,0.23521,0.23479,0.23516,0,0,0,0,0,0,0,0,0,0
1754901000,0.23516,0.23531,0.23474,0.23506,0,0,0,1,0,0,0,0,0,0
1754901180,0.23506,0.23665,0.23505,0.23664,0,0,0,0,0,0,0,0,0,0
1754901360,0.23664,0.23671,0.2355,0.23557,0,0,0,1,0,0,0,0,0,0
1754901540,0.23557,0.23591,0.2354,0.2359,0,0,0,0,0,0,0,0,0,0
1754901720,0.2359,0.23594,0.23547,0.23579,0,0,0,0,0,0,0,0,0,0
1754901900,0.23579,0.23592,0.23509,0.23552,0,0,0,0,0,0,0,0,0,0
1754902080,0.23552,0.2356,0.23515,0.23521,0,0,0,0,0,0,0,0,0,0
1754902260,0.23521,0.23584,0.23512,0.23579,0,0,0,0,0,0,0,0,0,0
1754902440,0.23579,0.23644,0.23577,0.23643,0,0,0,0,1,0,0,0,0,0
1754902620,0.23643,0.2366,0.23588,0.23601,0,0,0,1,0,0,0,0,0,0
1754902800,0.23601,0.23621,0.23582,0.2361,0,0,0,0,0,0,0,0,0,0
1754902980,0.2361,0.2361,0.2355,0.23565,0,0,0,0,0,0,0,0,0,0
1754903160,0.23565,0.23576,0.23516,0.23561,0,0,0,0,0,0,0,0,0,0
1754903340,0.23561,0.23567,0.23536,0.23541,0,0,0,0,0,0,0,0,0,0
1754903520,0.23541,0.23577,0.23511,0.23559,0,1,0,0,0,0,0,0,0,0
1754903700,0.23559,0.23565,0.2351,0.23515,0,0,0,0,1,0,0,0,0,0
1754903880,0.23515,0.23525,0.23467,0.23476,0,0,0,0,0,0,0,0,0,0
1754904060,0.23476,0.23477,0.23423,0.23466,0,0,0,0,0,0,0,0,0,0
1754904240,0.23466,0.23503,0.23451,0.2347,0,0,0,0,0,0,0,0,0,0
1754904420,0.2347,0.23533,0.2347,0.23505,0,0,0,0,0,0,0,0,0,0
1754904600,0.23505,0.23564,0.23502,0.23512,0,0,0,0,0,0,0,0,0,0
1754904780,0.23512,0.23512,0.23436,0.23449,0,0,0,0,0,0,0,0,0,0
1754904960,0.23449,0.23455,0.23431,0.23437,0,0,0,0,0,0,0,0,0,0
1754905140,0.23437,0.23465,0.2339,0.23455,0,1,0,0,0,0,0,0,0,0
1754905320,0.23455,0.23467,0.23414,0.23464,0,0,0,0,0,0,0,0,0,0
1754905500,0.23464,0.2348,0.2342,0.23436,0,0,0,0,0,0,0,0,0,0
1754905680,0.23436,0.23437,0.23381,0.23387,0,0,0,0,0,0,0,0,0,0
1754905860,0.23387,0.2339,0.23324,0.23324,0,0,0,0,0,0,0,0,0,0
1754906040,0.23324,0.23387,0.23324,0.23368,0,0,0,0,0,0,0,0,0,0
1754906220,0.23368,0.23432,0.2336,0.23421,0,0,0,0,0,0,0,0,0,0
1754906400,0.23421,0.2343,0.23325,0.23327,0,0,0,0,0,0,0,0,0,0
1754906580,0.23327,0.2336,0.23305,0.23345,0,1,0,0,0,0,0,0,0,0
1754906760,0.23345,0.23364,0.23292,0.233,0,0,0,0,0,0,0,0,0,0
1754906940,0.233,0.23361,0.23286,0.23332,0,1,0,0,0,0,0,0,0,0
1754907120,0.23332,0.23358,0.23323,0.23348,0,0,0,0,0,0,0,0,0,0
1754907300,0.23348,0.23412,0.23336,0.23348,0,0,0,0,0,0,0,0,0,0
1754907480,0.23348,0.2338,0.23228,0.23339,0,0,0,0,0,0,0,0,0,0
1754907660,0.23339,0.23427,0.23339,0.23396,0,0,0,0,0,0,0,0,0,0
1754907840,0.23396,0.23431,0.2339,0.23404,0,0,0,0,0,0,0,0,0,0
1754908020,0.23404,0.23445,0.23395,0.2341,0,0,0,0,0,0,0,0,0,0
1754908200,0.2341,0.23435,0.23318,0.23371,0,0,0,0,0,0,0,0,0,0
1754908380,0.23371,0.23379,0.2328,0.23328,0,0,0,0,0,0,0,0,0,0
1754908560,0.23328,0.2336,0.23281,0.23317,0,0,0,0,0,1,0,0,0,0
1754908740,0.23317,0.23339,0.23283,0.23289,0,0,0,0,0,0,0,0,0,0
1754908920,0.23289,0.23313,0.23268,0.2331,0,1,0,0,0,0,0,0,0,0
1754909100,0.2331,0.23315,0.2324,0.23244,0,0,0,0,1,0,0,0,0,0
1754909280,0.23244,0.23305,0.23228,0.23304,0,1,0,0,0,0,0,0,0,0
1754909460,0.23304,0.23339,0.2327,0.23275,0,0,0,0,0,0,0,0,0,0
1754909640,0.23275,0.23286,0.23233,0.23237,0,0,0,0,0,0,0,0,0,0
1754909820,0.23237,0.23289,0.23207,0.23253,0,1,0,0,0,0,0,0,0,0
1754910000,0.23253,0.23293,0.232,0.23209,0,0,0,0,0,0,0,1,0,0
1754910180,0.23209,0.23229,0.23087,0.23172,0,0,0,0,0,0,0,1,0,0
1754910360,0.23172,0.23194,0.23129,0.23186,0,0,0,0,0,0,0,1,0,0
1754910540,0.23186,0.23199,0.23143,0.23151,0,0,0,0,0,0,0,1,0,0
1754910720,0.23151,0.23174,0.23127,0.23128,0,0,0,0,0,0,0,1,0,0
1754910900,0.23128,0.2313,0.22995,0.23044,0,0,0,0,0,0,0,1,0,0
1754911080,0.23044,0.23064,0.22982,0.23033,0,0,0,0,0,0,0,1,0,0
1754911260,0.23033,0.23056,0.22955,0.2296,0,0,0,0,0,0,0,1,0,0
1754911440,0.2296,0.23006,0.22959,0.22985,0,0,0,0,0,0,0,1,0,0